Thread ID, Time, Message Type,n,r,k,case
Thread ID: 1, Time: 09:38:51:151 19/07/2023, sent GRANT message,2,5,1,2
Thread ID: 2, Time: 09:38:52:160 19/07/2023, sent GRANT message,2,5,1,2
Thread ID: 1, Time: 09:38:53:172 19/07/2023, sent GRANT message,2,5,1,2
Thread ID: 2, Time: 09:38:54:180 19/07/2023, sent GRANT message,2,5,1,2
Thread ID: 1, Time: 09:38:55:186 19/07/2023, sent GRANT message,2,5,1,2
Thread ID: 2, Time: 09:38:56:195 19/07/2023, sent GRANT message,2,5,1,2
Thread ID: 1, Time: 09:38:57:202 19/07/2023, sent GRANT message,2,5,1,2
Thread ID: 2, Time: 09:38:58:210 19/07/2023, sent GRANT message,2,5,1,2
Thread ID: 1, Time: 09:38:59:217 19/07/2023, sent GRANT message,2,5,1,2
Thread ID: 2, Time: 09:39:00:225 19/07/2023, sent GRANT message,2,5,1,2
Thread ID: 1, Time: 09:38:51:151 19/07/2023, sent GRANT message,4,5,1,2
Thread ID: 2, Time: 09:38:52:160 19/07/2023, sent GRANT message,4,5,1,2
Thread ID: 1, Time: 09:38:53:172 19/07/2023, sent GRANT message,4,5,1,2
Thread ID: 2, Time: 09:38:54:180 19/07/2023, sent GRANT message,4,5,1,2
Thread ID: 1, Time: 09:38:55:186 19/07/2023, sent GRANT message,4,5,1,2
Thread ID: 2, Time: 09:38:56:195 19/07/2023, sent GRANT message,4,5,1,2
Thread ID: 1, Time: 09:38:57:202 19/07/2023, sent GRANT message,4,5,1,2
Thread ID: 2, Time: 09:38:58:210 19/07/2023, sent GRANT message,4,5,1,2
Thread ID: 1, Time: 09:38:59:217 19/07/2023, sent GRANT message,4,5,1,2
Thread ID: 2, Time: 09:39:00:225 19/07/2023, sent GRANT message,4,5,1,2
Thread ID: 2, Time: 09:39:01:371 19/07/2023, sent GRANT message,4,5,1,2
Thread ID: 1, Time: 09:39:02:379 19/07/2023, sent GRANT message,4,5,1,2
Thread ID: 4, Time: 09:39:03:385 19/07/2023, sent GRANT message,4,5,1,2
Thread ID: 3, Time: 09:39:04:393 19/07/2023, sent GRANT message,4,5,1,2
Thread ID: 2, Time: 09:39:05:400 19/07/2023, sent GRANT message,4,5,1,2
Thread ID: 1, Time: 09:39:06:405 19/07/2023, sent GRANT message,4,5,1,2
Thread ID: 4, Time: 09:39:07:413 19/07/2023, sent GRANT message,4,5,1,2
Thread ID: 3, Time: 09:39:08:420 19/07/2023, sent GRANT message,4,5,1,2
Thread ID: 2, Time: 09:39:09:428 19/07/2023, sent GRANT message,4,5,1,2
Thread ID: 1, Time: 09:39:10:434 19/07/2023, sent GRANT message,4,5,1,2
Thread ID: 4, Time: 09:39:11:442 19/07/2023, sent GRANT message,4,5,1,2
Thread ID: 3, Time: 09:39:12:449 19/07/2023, sent GRANT message,4,5,1,2
Thread ID: 2, Time: 09:39:13:456 19/07/2023, sent GRANT message,4,5,1,2
Thread ID: 1, Time: 09:39:14:463 19/07/2023, sent GRANT message,4,5,1,2
Thread ID: 4, Time: 09:39:15:469 19/07/2023, sent GRANT message,4,5,1,2
Thread ID: 3, Time: 09:39:16:476 19/07/2023, sent GRANT message,4,5,1,2
Thread ID: 2, Time: 09:39:17:482 19/07/2023, sent GRANT message,4,5,1,2
Thread ID: 1, Time: 09:39:18:489 19/07/2023, sent GRANT message,4,5,1,2
Thread ID: 4, Time: 09:39:19:496 19/07/2023, sent GRANT message,4,5,1,2
Thread ID: 3, Time: 09:39:20:503 19/07/2023, sent GRANT message,4,5,1,2
Thread ID: 1, Time: 09:38:51:151 19/07/2023, sent GRANT message,8,5,1,2
Thread ID: 2, Time: 09:38:52:160 19/07/2023, sent GRANT message,8,5,1,2
Thread ID: 1, Time: 09:38:53:172 19/07/2023, sent GRANT message,8,5,1,2
Thread ID: 2, Time: 09:38:54:180 19/07/2023, sent GRANT message,8,5,1,2
Thread ID: 1, Time: 09:38:55:186 19/07/2023, sent GRANT message,8,5,1,2
Thread ID: 2, Time: 09:38:56:195 19/07/2023, sent GRANT message,8,5,1,2
Thread ID: 1, Time: 09:38:57:202 19/07/2023, sent GRANT message,8,5,1,2
Thread ID: 2, Time: 09:38:58:210 19/07/2023, sent GRANT message,8,5,1,2
Thread ID: 1, Time: 09:38:59:217 19/07/2023, sent GRANT message,8,5,1,2
Thread ID: 2, Time: 09:39:00:225 19/07/2023, sent GRANT message,8,5,1,2
Thread ID: 2, Time: 09:39:01:371 19/07/2023, sent GRANT message,8,5,1,2
Thread ID: 1, Time: 09:39:02:379 19/07/2023, sent GRANT message,8,5,1,2
Thread ID: 4, Time: 09:39:03:385 19/07/2023, sent GRANT message,8,5,1,2
Thread ID: 3, Time: 09:39:04:393 19/07/2023, sent GRANT message,8,5,1,2
Thread ID: 2, Time: 09:39:05:400 19/07/2023, sent GRANT message,8,5,1,2
Thread ID: 1, Time: 09:39:06:405 19/07/2023, sent GRANT message,8,5,1,2
Thread ID: 4, Time: 09:39:07:413 19/07/2023, sent GRANT message,8,5,1,2
Thread ID: 3, Time: 09:39:08:420 19/07/2023, sent GRANT message,8,5,1,2
Thread ID: 2, Time: 09:39:09:428 19/07/2023, sent GRANT message,8,5,1,2
Thread ID: 1, Time: 09:39:10:434 19/07/2023, sent GRANT message,8,5,1,2
Thread ID: 4, Time: 09:39:11:442 19/07/2023, sent GRANT message,8,5,1,2
Thread ID: 3, Time: 09:39:12:449 19/07/2023, sent GRANT message,8,5,1,2
Thread ID: 2, Time: 09:39:13:456 19/07/2023, sent GRANT message,8,5,1,2
Thread ID: 1, Time: 09:39:14:463 19/07/2023, sent GRANT message,8,5,1,2
Thread ID: 4, Time: 09:39:15:469 19/07/2023, sent GRANT message,8,5,1,2
Thread ID: 3, Time: 09:39:16:476 19/07/2023, sent GRANT message,8,5,1,2
Thread ID: 2, Time: 09:39:17:482 19/07/2023, sent GRANT message,8,5,1,2
Thread ID: 1, Time: 09:39:18:489 19/07/2023, sent GRANT message,8,5,1,2
Thread ID: 4, Time: 09:39:19:496 19/07/2023, sent GRANT message,8,5,1,2
Thread ID: 3, Time: 09:39:20:503 19/07/2023, sent GRANT message,8,5,1,2
Thread ID: 1, Time: 09:39:21:658 19/07/2023, sent GRANT message,8,5,1,2
Thread ID: 6, Time: 09:39:22:667 19/07/2023, sent GRANT message,8,5,1,2
Thread ID: 2, Time: 09:39:23:674 19/07/2023, sent GRANT message,8,5,1,2
Thread ID: 5, Time: 09:39:24:682 19/07/2023, sent GRANT message,8,5,1,2
Thread ID: 8, Time: 09:39:25:688 19/07/2023, sent GRANT message,8,5,1,2
Thread ID: 3, Time: 09:39:26:695 19/07/2023, sent GRANT message,8,5,1,2
Thread ID: 4, Time: 09:39:27:702 19/07/2023, sent GRANT message,8,5,1,2
Thread ID: 7, Time: 09:39:28:711 19/07/2023, sent GRANT message,8,5,1,2
Thread ID: 1, Time: 09:39:29:717 19/07/2023, sent GRANT message,8,5,1,2
Thread ID: 6, Time: 09:39:30:725 19/07/2023, sent GRANT message,8,5,1,2
Thread ID: 2, Time: 09:39:31:731 19/07/2023, sent GRANT message,8,5,1,2
Thread ID: 5, Time: 09:39:32:738 19/07/2023, sent GRANT message,8,5,1,2
Thread ID: 8, Time: 09:39:33:745 19/07/2023, sent GRANT message,8,5,1,2
Thread ID: 3, Time: 09:39:34:751 19/07/2023, sent GRANT message,8,5,1,2
Thread ID: 4, Time: 09:39:35:757 19/07/2023, sent GRANT message,8,5,1,2
Thread ID: 7, Time: 09:39:36:765 19/07/2023, sent GRANT message,8,5,1,2
Thread ID: 1, Time: 09:39:37:771 19/07/2023, sent GRANT message,8,5,1,2
Thread ID: 6, Time: 09:39:38:780 19/07/2023, sent GRANT message,8,5,1,2
Thread ID: 2, Time: 09:39:39:785 19/07/2023, sent GRANT message,8,5,1,2
Thread ID: 5, Time: 09:39:40:792 19/07/2023, sent GRANT message,8,5,1,2
Thread ID: 8, Time: 09:39:41:798 19/07/2023, sent GRANT message,8,5,1,2
Thread ID: 3, Time: 09:39:42:804 19/07/2023, sent GRANT message,8,5,1,2
Thread ID: 4, Time: 09:39:43:811 19/07/2023, sent GRANT message,8,5,1,2
Thread ID: 7, Time: 09:39:44:817 19/07/2023, sent GRANT message,8,5,1,2
Thread ID: 1, Time: 09:39:45:824 19/07/2023, sent GRANT message,8,5,1,2
Thread ID: 6, Time: 09:39:46:831 19/07/2023, sent GRANT message,8,5,1,2
Thread ID: 2, Time: 09:39:47:837 19/07/2023, sent GRANT message,8,5,1,2
Thread ID: 5, Time: 09:39:48:845 19/07/2023, sent GRANT message,8,5,1,2
Thread ID: 8, Time: 09:39:49:851 19/07/2023, sent GRANT message,8,5,1,2
Thread ID: 3, Time: 09:39:50:859 19/07/2023, sent GRANT message,8,5,1,2
Thread ID: 4, Time: 09:39:51:865 19/07/2023, sent GRANT message,8,5,1,2
Thread ID: 7, Time: 09:39:52:872 19/07/2023, sent GRANT message,8,5,1,2
Thread ID: 1, Time: 09:39:53:879 19/07/2023, sent GRANT message,8,5,1,2
Thread ID: 6, Time: 09:39:54:885 19/07/2023, sent GRANT message,8,5,1,2
Thread ID: 2, Time: 09:39:55:893 19/07/2023, sent GRANT message,8,5,1,2
Thread ID: 5, Time: 09:39:56:900 19/07/2023, sent GRANT message,8,5,1,2
Thread ID: 8, Time: 09:39:57:907 19/07/2023, sent GRANT message,8,5,1,2
Thread ID: 3, Time: 09:39:58:914 19/07/2023, sent GRANT message,8,5,1,2
Thread ID: 4, Time: 09:39:59:920 19/07/2023, sent GRANT message,8,5,1,2
Thread ID: 7, Time: 09:40:00:926 19/07/2023, sent GRANT message,8,5,1,2
Thread ID: 1, Time: 09:38:51:151 19/07/2023, sent GRANT message,16,5,1,2
Thread ID: 2, Time: 09:38:52:160 19/07/2023, sent GRANT message,16,5,1,2
Thread ID: 1, Time: 09:38:53:172 19/07/2023, sent GRANT message,16,5,1,2
Thread ID: 2, Time: 09:38:54:180 19/07/2023, sent GRANT message,16,5,1,2
Thread ID: 1, Time: 09:38:55:186 19/07/2023, sent GRANT message,16,5,1,2
Thread ID: 2, Time: 09:38:56:195 19/07/2023, sent GRANT message,16,5,1,2
Thread ID: 1, Time: 09:38:57:202 19/07/2023, sent GRANT message,16,5,1,2
Thread ID: 2, Time: 09:38:58:210 19/07/2023, sent GRANT message,16,5,1,2
Thread ID: 1, Time: 09:38:59:217 19/07/2023, sent GRANT message,16,5,1,2
Thread ID: 2, Time: 09:39:00:225 19/07/2023, sent GRANT message,16,5,1,2
Thread ID: 2, Time: 09:39:01:371 19/07/2023, sent GRANT message,16,5,1,2
Thread ID: 1, Time: 09:39:02:379 19/07/2023, sent GRANT message,16,5,1,2
Thread ID: 4, Time: 09:39:03:385 19/07/2023, sent GRANT message,16,5,1,2
Thread ID: 3, Time: 09:39:04:393 19/07/2023, sent GRANT message,16,5,1,2
Thread ID: 2, Time: 09:39:05:400 19/07/2023, sent GRANT message,16,5,1,2
Thread ID: 1, Time: 09:39:06:405 19/07/2023, sent GRANT message,16,5,1,2
Thread ID: 4, Time: 09:39:07:413 19/07/2023, sent GRANT message,16,5,1,2
Thread ID: 3, Time: 09:39:08:420 19/07/2023, sent GRANT message,16,5,1,2
Thread ID: 2, Time: 09:39:09:428 19/07/2023, sent GRANT message,16,5,1,2
Thread ID: 1, Time: 09:39:10:434 19/07/2023, sent GRANT message,16,5,1,2
Thread ID: 4, Time: 09:39:11:442 19/07/2023, sent GRANT message,16,5,1,2
Thread ID: 3, Time: 09:39:12:449 19/07/2023, sent GRANT message,16,5,1,2
Thread ID: 2, Time: 09:39:13:456 19/07/2023, sent GRANT message,16,5,1,2
Thread ID: 1, Time: 09:39:14:463 19/07/2023, sent GRANT message,16,5,1,2
Thread ID: 4, Time: 09:39:15:469 19/07/2023, sent GRANT message,16,5,1,2
Thread ID: 3, Time: 09:39:16:476 19/07/2023, sent GRANT message,16,5,1,2
Thread ID: 2, Time: 09:39:17:482 19/07/2023, sent GRANT message,16,5,1,2
Thread ID: 1, Time: 09:39:18:489 19/07/2023, sent GRANT message,16,5,1,2
Thread ID: 4, Time: 09:39:19:496 19/07/2023, sent GRANT message,16,5,1,2
Thread ID: 3, Time: 09:39:20:503 19/07/2023, sent GRANT message,16,5,1,2
Thread ID: 1, Time: 09:39:21:658 19/07/2023, sent GRANT message,16,5,1,2
Thread ID: 6, Time: 09:39:22:667 19/07/2023, sent GRANT message,16,5,1,2
Thread ID: 2, Time: 09:39:23:674 19/07/2023, sent GRANT message,16,5,1,2
Thread ID: 5, Time: 09:39:24:682 19/07/2023, sent GRANT message,16,5,1,2
Thread ID: 8, Time: 09:39:25:688 19/07/2023, sent GRANT message,16,5,1,2
Thread ID: 3, Time: 09:39:26:695 19/07/2023, sent GRANT message,16,5,1,2
Thread ID: 4, Time: 09:39:27:702 19/07/2023, sent GRANT message,16,5,1,2
Thread ID: 7, Time: 09:39:28:711 19/07/2023, sent GRANT message,16,5,1,2
Thread ID: 1, Time: 09:39:29:717 19/07/2023, sent GRANT message,16,5,1,2
Thread ID: 6, Time: 09:39:30:725 19/07/2023, sent GRANT message,16,5,1,2
Thread ID: 2, Time: 09:39:31:731 19/07/2023, sent GRANT message,16,5,1,2
Thread ID: 5, Time: 09:39:32:738 19/07/2023, sent GRANT message,16,5,1,2
Thread ID: 8, Time: 09:39:33:745 19/07/2023, sent GRANT message,16,5,1,2
Thread ID: 3, Time: 09:39:34:751 19/07/2023, sent GRANT message,16,5,1,2
Thread ID: 4, Time: 09:39:35:757 19/07/2023, sent GRANT message,16,5,1,2
Thread ID: 7, Time: 09:39:36:765 19/07/2023, sent GRANT message,16,5,1,2
Thread ID: 1, Time: 09:39:37:771 19/07/2023, sent GRANT message,16,5,1,2
Thread ID: 6, Time: 09:39:38:780 19/07/2023, sent GRANT message,16,5,1,2
Thread ID: 2, Time: 09:39:39:785 19/07/2023, sent GRANT message,16,5,1,2
Thread ID: 5, Time: 09:39:40:792 19/07/2023, sent GRANT message,16,5,1,2
Thread ID: 8, Time: 09:39:41:798 19/07/2023, sent GRANT message,16,5,1,2
Thread ID: 3, Time: 09:39:42:804 19/07/2023, sent GRANT message,16,5,1,2
Thread ID: 4, Time: 09:39:43:811 19/07/2023, sent GRANT message,16,5,1,2
Thread ID: 7, Time: 09:39:44:817 19/07/2023, sent GRANT message,16,5,1,2
Thread ID: 1, Time: 09:39:45:824 19/07/2023, sent GRANT message,16,5,1,2
Thread ID: 6, Time: 09:39:46:831 19/07/2023, sent GRANT message,16,5,1,2
Thread ID: 2, Time: 09:39:47:837 19/07/2023, sent GRANT message,16,5,1,2
Thread ID: 5, Time: 09:39:48:845 19/07/2023, sent GRANT message,16,5,1,2
Thread ID: 8, Time: 09:39:49:851 19/07/2023, sent GRANT message,16,5,1,2
Thread ID: 3, Time: 09:39:50:859 19/07/2023, sent GRANT message,16,5,1,2
Thread ID: 4, Time: 09:39:51:865 19/07/2023, sent GRANT message,16,5,1,2
Thread ID: 7, Time: 09:39:52:872 19/07/2023, sent GRANT message,16,5,1,2
Thread ID: 1, Time: 09:39:53:879 19/07/2023, sent GRANT message,16,5,1,2
Thread ID: 6, Time: 09:39:54:885 19/07/2023, sent GRANT message,16,5,1,2
Thread ID: 2, Time: 09:39:55:893 19/07/2023, sent GRANT message,16,5,1,2
Thread ID: 5, Time: 09:39:56:900 19/07/2023, sent GRANT message,16,5,1,2
Thread ID: 8, Time: 09:39:57:907 19/07/2023, sent GRANT message,16,5,1,2
Thread ID: 3, Time: 09:39:58:914 19/07/2023, sent GRANT message,16,5,1,2
Thread ID: 4, Time: 09:39:59:920 19/07/2023, sent GRANT message,16,5,1,2
Thread ID: 7, Time: 09:40:00:926 19/07/2023, sent GRANT message,16,5,1,2
Thread ID: 3, Time: 09:40:02:123 19/07/2023, sent GRANT message,16,5,1,2
Thread ID: 9, Time: 09:40:03:133 19/07/2023, sent GRANT message,16,5,1,2
Thread ID: 11, Time: 09:40:04:140 19/07/2023, sent GRANT message,16,5,1,2
Thread ID: 15, Time: 09:40:05:146 19/07/2023, sent GRANT message,16,5,1,2
Thread ID: 16, Time: 09:40:06:152 19/07/2023, sent GRANT message,16,5,1,2
Thread ID: 7, Time: 09:40:07:160 19/07/2023, sent GRANT message,16,5,1,2
Thread ID: 6, Time: 09:40:08:166 19/07/2023, sent GRANT message,16,5,1,2
Thread ID: 12, Time: 09:40:09:172 19/07/2023, sent GRANT message,16,5,1,2
Thread ID: 14, Time: 09:40:10:179 19/07/2023, sent GRANT message,16,5,1,2
Thread ID: 1, Time: 09:40:11:185 19/07/2023, sent GRANT message,16,5,1,2
Thread ID: 5, Time: 09:40:12:192 19/07/2023, sent GRANT message,16,5,1,2
Thread ID: 10, Time: 09:40:13:198 19/07/2023, sent GRANT message,16,5,1,2
Thread ID: 2, Time: 09:40:14:208 19/07/2023, sent GRANT message,16,5,1,2
Thread ID: 13, Time: 09:40:15:215 19/07/2023, sent GRANT message,16,5,1,2
Thread ID: 4, Time: 09:40:16:221 19/07/2023, sent GRANT message,16,5,1,2
Thread ID: 8, Time: 09:40:17:227 19/07/2023, sent GRANT message,16,5,1,2
Thread ID: 3, Time: 09:40:18:233 19/07/2023, sent GRANT message,16,5,1,2
Thread ID: 9, Time: 09:40:19:239 19/07/2023, sent GRANT message,16,5,1,2
Thread ID: 11, Time: 09:40:20:245 19/07/2023, sent GRANT message,16,5,1,2
Thread ID: 15, Time: 09:40:21:251 19/07/2023, sent GRANT message,16,5,1,2
Thread ID: 16, Time: 09:40:22:258 19/07/2023, sent GRANT message,16,5,1,2
Thread ID: 7, Time: 09:40:23:264 19/07/2023, sent GRANT message,16,5,1,2
Thread ID: 6, Time: 09:40:24:271 19/07/2023, sent GRANT message,16,5,1,2
Thread ID: 12, Time: 09:40:25:278 19/07/2023, sent GRANT message,16,5,1,2
Thread ID: 14, Time: 09:40:26:284 19/07/2023, sent GRANT message,16,5,1,2
Thread ID: 1, Time: 09:40:27:292 19/07/2023, sent GRANT message,16,5,1,2
Thread ID: 5, Time: 09:40:28:297 19/07/2023, sent GRANT message,16,5,1,2
Thread ID: 10, Time: 09:40:29:304 19/07/2023, sent GRANT message,16,5,1,2
Thread ID: 2, Time: 09:40:30:310 19/07/2023, sent GRANT message,16,5,1,2
Thread ID: 13, Time: 09:40:31:317 19/07/2023, sent GRANT message,16,5,1,2
Thread ID: 4, Time: 09:40:32:324 19/07/2023, sent GRANT message,16,5,1,2
Thread ID: 8, Time: 09:40:33:330 19/07/2023, sent GRANT message,16,5,1,2
Thread ID: 3, Time: 09:40:34:339 19/07/2023, sent GRANT message,16,5,1,2
Thread ID: 9, Time: 09:40:35:345 19/07/2023, sent GRANT message,16,5,1,2
Thread ID: 11, Time: 09:40:36:352 19/07/2023, sent GRANT message,16,5,1,2
Thread ID: 15, Time: 09:40:37:359 19/07/2023, sent GRANT message,16,5,1,2
Thread ID: 16, Time: 09:40:38:366 19/07/2023, sent GRANT message,16,5,1,2
Thread ID: 7, Time: 09:40:39:374 19/07/2023, sent GRANT message,16,5,1,2
Thread ID: 6, Time: 09:40:40:380 19/07/2023, sent GRANT message,16,5,1,2
Thread ID: 12, Time: 09:40:41:387 19/07/2023, sent GRANT message,16,5,1,2
Thread ID: 14, Time: 09:40:42:393 19/07/2023, sent GRANT message,16,5,1,2
Thread ID: 1, Time: 09:40:43:400 19/07/2023, sent GRANT message,16,5,1,2
Thread ID: 5, Time: 09:40:44:407 19/07/2023, sent GRANT message,16,5,1,2
Thread ID: 10, Time: 09:40:45:413 19/07/2023, sent GRANT message,16,5,1,2
Thread ID: 2, Time: 09:40:46:423 19/07/2023, sent GRANT message,16,5,1,2
Thread ID: 13, Time: 09:40:47:431 19/07/2023, sent GRANT message,16,5,1,2
Thread ID: 4, Time: 09:40:48:441 19/07/2023, sent GRANT message,16,5,1,2
Thread ID: 8, Time: 09:40:49:448 19/07/2023, sent GRANT message,16,5,1,2
Thread ID: 3, Time: 09:40:50:455 19/07/2023, sent GRANT message,16,5,1,2
Thread ID: 9, Time: 09:40:51:463 19/07/2023, sent GRANT message,16,5,1,2
Thread ID: 11, Time: 09:40:52:472 19/07/2023, sent GRANT message,16,5,1,2
Thread ID: 15, Time: 09:40:53:479 19/07/2023, sent GRANT message,16,5,1,2
Thread ID: 16, Time: 09:40:54:485 19/07/2023, sent GRANT message,16,5,1,2
Thread ID: 7, Time: 09:40:55:492 19/07/2023, sent GRANT message,16,5,1,2
Thread ID: 6, Time: 09:40:56:499 19/07/2023, sent GRANT message,16,5,1,2
Thread ID: 12, Time: 09:40:57:504 19/07/2023, sent GRANT message,16,5,1,2
Thread ID: 14, Time: 09:40:58:510 19/07/2023, sent GRANT message,16,5,1,2
Thread ID: 1, Time: 09:40:59:517 19/07/2023, sent GRANT message,16,5,1,2
Thread ID: 5, Time: 09:41:00:525 19/07/2023, sent GRANT message,16,5,1,2
Thread ID: 10, Time: 09:41:01:531 19/07/2023, sent GRANT message,16,5,1,2
Thread ID: 2, Time: 09:41:02:538 19/07/2023, sent GRANT message,16,5,1,2
Thread ID: 13, Time: 09:41:03:547 19/07/2023, sent GRANT message,16,5,1,2
Thread ID: 4, Time: 09:41:04:554 19/07/2023, sent GRANT message,16,5,1,2
Thread ID: 8, Time: 09:41:05:561 19/07/2023, sent GRANT message,16,5,1,2
Thread ID: 3, Time: 09:41:06:567 19/07/2023, sent GRANT message,16,5,1,2
Thread ID: 9, Time: 09:41:07:575 19/07/2023, sent GRANT message,16,5,1,2
Thread ID: 11, Time: 09:41:08:581 19/07/2023, sent GRANT message,16,5,1,2
Thread ID: 15, Time: 09:41:09:590 19/07/2023, sent GRANT message,16,5,1,2
Thread ID: 16, Time: 09:41:10:596 19/07/2023, sent GRANT message,16,5,1,2
Thread ID: 7, Time: 09:41:11:604 19/07/2023, sent GRANT message,16,5,1,2
Thread ID: 6, Time: 09:41:12:611 19/07/2023, sent GRANT message,16,5,1,2
Thread ID: 12, Time: 09:41:13:617 19/07/2023, sent GRANT message,16,5,1,2
Thread ID: 14, Time: 09:41:14:624 19/07/2023, sent GRANT message,16,5,1,2
Thread ID: 1, Time: 09:41:15:631 19/07/2023, sent GRANT message,16,5,1,2
Thread ID: 5, Time: 09:41:16:638 19/07/2023, sent GRANT message,16,5,1,2
Thread ID: 10, Time: 09:41:17:646 19/07/2023, sent GRANT message,16,5,1,2
Thread ID: 2, Time: 09:41:18:652 19/07/2023, sent GRANT message,16,5,1,2
Thread ID: 13, Time: 09:41:19:658 19/07/2023, sent GRANT message,16,5,1,2
Thread ID: 4, Time: 09:41:20:665 19/07/2023, sent GRANT message,16,5,1,2
Thread ID: 8, Time: 09:41:21:673 19/07/2023, sent GRANT message,16,5,1,2
Thread ID: 1, Time: 09:38:51:151 19/07/2023, sent GRANT message,32,5,1,2
Thread ID: 2, Time: 09:38:52:160 19/07/2023, sent GRANT message,32,5,1,2
Thread ID: 1, Time: 09:38:53:172 19/07/2023, sent GRANT message,32,5,1,2
Thread ID: 2, Time: 09:38:54:180 19/07/2023, sent GRANT message,32,5,1,2
Thread ID: 1, Time: 09:38:55:186 19/07/2023, sent GRANT message,32,5,1,2
Thread ID: 2, Time: 09:38:56:195 19/07/2023, sent GRANT message,32,5,1,2
Thread ID: 1, Time: 09:38:57:202 19/07/2023, sent GRANT message,32,5,1,2
Thread ID: 2, Time: 09:38:58:210 19/07/2023, sent GRANT message,32,5,1,2
Thread ID: 1, Time: 09:38:59:217 19/07/2023, sent GRANT message,32,5,1,2
Thread ID: 2, Time: 09:39:00:225 19/07/2023, sent GRANT message,32,5,1,2
Thread ID: 2, Time: 09:39:01:371 19/07/2023, sent GRANT message,32,5,1,2
Thread ID: 1, Time: 09:39:02:379 19/07/2023, sent GRANT message,32,5,1,2
Thread ID: 4, Time: 09:39:03:385 19/07/2023, sent GRANT message,32,5,1,2
Thread ID: 3, Time: 09:39:04:393 19/07/2023, sent GRANT message,32,5,1,2
Thread ID: 2, Time: 09:39:05:400 19/07/2023, sent GRANT message,32,5,1,2
Thread ID: 1, Time: 09:39:06:405 19/07/2023, sent GRANT message,32,5,1,2
Thread ID: 4, Time: 09:39:07:413 19/07/2023, sent GRANT message,32,5,1,2
Thread ID: 3, Time: 09:39:08:420 19/07/2023, sent GRANT message,32,5,1,2
Thread ID: 2, Time: 09:39:09:428 19/07/2023, sent GRANT message,32,5,1,2
Thread ID: 1, Time: 09:39:10:434 19/07/2023, sent GRANT message,32,5,1,2
Thread ID: 4, Time: 09:39:11:442 19/07/2023, sent GRANT message,32,5,1,2
Thread ID: 3, Time: 09:39:12:449 19/07/2023, sent GRANT message,32,5,1,2
Thread ID: 2, Time: 09:39:13:456 19/07/2023, sent GRANT message,32,5,1,2
Thread ID: 1, Time: 09:39:14:463 19/07/2023, sent GRANT message,32,5,1,2
Thread ID: 4, Time: 09:39:15:469 19/07/2023, sent GRANT message,32,5,1,2
Thread ID: 3, Time: 09:39:16:476 19/07/2023, sent GRANT message,32,5,1,2
Thread ID: 2, Time: 09:39:17:482 19/07/2023, sent GRANT message,32,5,1,2
Thread ID: 1, Time: 09:39:18:489 19/07/2023, sent GRANT message,32,5,1,2
Thread ID: 4, Time: 09:39:19:496 19/07/2023, sent GRANT message,32,5,1,2
Thread ID: 3, Time: 09:39:20:503 19/07/2023, sent GRANT message,32,5,1,2
Thread ID: 1, Time: 09:39:21:658 19/07/2023, sent GRANT message,32,5,1,2
Thread ID: 6, Time: 09:39:22:667 19/07/2023, sent GRANT message,32,5,1,2
Thread ID: 2, Time: 09:39:23:674 19/07/2023, sent GRANT message,32,5,1,2
Thread ID: 5, Time: 09:39:24:682 19/07/2023, sent GRANT message,32,5,1,2
Thread ID: 8, Time: 09:39:25:688 19/07/2023, sent GRANT message,32,5,1,2
Thread ID: 3, Time: 09:39:26:695 19/07/2023, sent GRANT message,32,5,1,2
Thread ID: 4, Time: 09:39:27:702 19/07/2023, sent GRANT message,32,5,1,2
Thread ID: 7, Time: 09:39:28:711 19/07/2023, sent GRANT message,32,5,1,2
Thread ID: 1, Time: 09:39:29:717 19/07/2023, sent GRANT message,32,5,1,2
Thread ID: 6, Time: 09:39:30:725 19/07/2023, sent GRANT message,32,5,1,2
Thread ID: 2, Time: 09:39:31:731 19/07/2023, sent GRANT message,32,5,1,2
Thread ID: 5, Time: 09:39:32:738 19/07/2023, sent GRANT message,32,5,1,2
Thread ID: 8, Time: 09:39:33:745 19/07/2023, sent GRANT message,32,5,1,2
Thread ID: 3, Time: 09:39:34:751 19/07/2023, sent GRANT message,32,5,1,2
Thread ID: 4, Time: 09:39:35:757 19/07/2023, sent GRANT message,32,5,1,2
Thread ID: 7, Time: 09:39:36:765 19/07/2023, sent GRANT message,32,5,1,2
Thread ID: 1, Time: 09:39:37:771 19/07/2023, sent GRANT message,32,5,1,2
Thread ID: 6, Time: 09:39:38:780 19/07/2023, sent GRANT message,32,5,1,2
Thread ID: 2, Time: 09:39:39:785 19/07/2023, sent GRANT message,32,5,1,2
Thread ID: 5, Time: 09:39:40:792 19/07/2023, sent GRANT message,32,5,1,2
Thread ID: 8, Time: 09:39:41:798 19/07/2023, sent GRANT message,32,5,1,2
Thread ID: 3, Time: 09:39:42:804 19/07/2023, sent GRANT message,32,5,1,2
Thread ID: 4, Time: 09:39:43:811 19/07/2023, sent GRANT message,32,5,1,2
Thread ID: 7, Time: 09:39:44:817 19/07/2023, sent GRANT message,32,5,1,2
Thread ID: 1, Time: 09:39:45:824 19/07/2023, sent GRANT message,32,5,1,2
Thread ID: 6, Time: 09:39:46:831 19/07/2023, sent GRANT message,32,5,1,2
Thread ID: 2, Time: 09:39:47:837 19/07/2023, sent GRANT message,32,5,1,2
Thread ID: 5, Time: 09:39:48:845 19/07/2023, sent GRANT message,32,5,1,2
Thread ID: 8, Time: 09:39:49:851 19/07/2023, sent GRANT message,32,5,1,2
Thread ID: 3, Time: 09:39:50:859 19/07/2023, sent GRANT message,32,5,1,2
Thread ID: 4, Time: 09:39:51:865 19/07/2023, sent GRANT message,32,5,1,2
Thread ID: 7, Time: 09:39:52:872 19/07/2023, sent GRANT message,32,5,1,2
Thread ID: 1, Time: 09:39:53:879 19/07/2023, sent GRANT message,32,5,1,2
Thread ID: 6, Time: 09:39:54:885 19/07/2023, sent GRANT message,32,5,1,2
Thread ID: 2, Time: 09:39:55:893 19/07/2023, sent GRANT message,32,5,1,2
Thread ID: 5, Time: 09:39:56:900 19/07/2023, sent GRANT message,32,5,1,2
Thread ID: 8, Time: 09:39:57:907 19/07/2023, sent GRANT message,32,5,1,2
Thread ID: 3, Time: 09:39:58:914 19/07/2023, sent GRANT message,32,5,1,2
Thread ID: 4, Time: 09:39:59:920 19/07/2023, sent GRANT message,32,5,1,2
Thread ID: 7, Time: 09:40:00:926 19/07/2023, sent GRANT message,32,5,1,2
Thread ID: 3, Time: 09:40:02:123 19/07/2023, sent GRANT message,32,5,1,2
Thread ID: 9, Time: 09:40:03:133 19/07/2023, sent GRANT message,32,5,1,2
Thread ID: 11, Time: 09:40:04:140 19/07/2023, sent GRANT message,32,5,1,2
Thread ID: 15, Time: 09:40:05:146 19/07/2023, sent GRANT message,32,5,1,2
Thread ID: 16, Time: 09:40:06:152 19/07/2023, sent GRANT message,32,5,1,2
Thread ID: 7, Time: 09:40:07:160 19/07/2023, sent GRANT message,32,5,1,2
Thread ID: 6, Time: 09:40:08:166 19/07/2023, sent GRANT message,32,5,1,2
Thread ID: 12, Time: 09:40:09:172 19/07/2023, sent GRANT message,32,5,1,2
Thread ID: 14, Time: 09:40:10:179 19/07/2023, sent GRANT message,32,5,1,2
Thread ID: 1, Time: 09:40:11:185 19/07/2023, sent GRANT message,32,5,1,2
Thread ID: 5, Time: 09:40:12:192 19/07/2023, sent GRANT message,32,5,1,2
Thread ID: 10, Time: 09:40:13:198 19/07/2023, sent GRANT message,32,5,1,2
Thread ID: 2, Time: 09:40:14:208 19/07/2023, sent GRANT message,32,5,1,2
Thread ID: 13, Time: 09:40:15:215 19/07/2023, sent GRANT message,32,5,1,2
Thread ID: 4, Time: 09:40:16:221 19/07/2023, sent GRANT message,32,5,1,2
Thread ID: 8, Time: 09:40:17:227 19/07/2023, sent GRANT message,32,5,1,2
Thread ID: 3, Time: 09:40:18:233 19/07/2023, sent GRANT message,32,5,1,2
Thread ID: 9, Time: 09:40:19:239 19/07/2023, sent GRANT message,32,5,1,2
Thread ID: 11, Time: 09:40:20:245 19/07/2023, sent GRANT message,32,5,1,2
Thread ID: 15, Time: 09:40:21:251 19/07/2023, sent GRANT message,32,5,1,2
Thread ID: 16, Time: 09:40:22:258 19/07/2023, sent GRANT message,32,5,1,2
Thread ID: 7, Time: 09:40:23:264 19/07/2023, sent GRANT message,32,5,1,2
Thread ID: 6, Time: 09:40:24:271 19/07/2023, sent GRANT message,32,5,1,2
Thread ID: 12, Time: 09:40:25:278 19/07/2023, sent GRANT message,32,5,1,2
Thread ID: 14, Time: 09:40:26:284 19/07/2023, sent GRANT message,32,5,1,2
Thread ID: 1, Time: 09:40:27:292 19/07/2023, sent GRANT message,32,5,1,2
Thread ID: 5, Time: 09:40:28:297 19/07/2023, sent GRANT message,32,5,1,2
Thread ID: 10, Time: 09:40:29:304 19/07/2023, sent GRANT message,32,5,1,2
Thread ID: 2, Time: 09:40:30:310 19/07/2023, sent GRANT message,32,5,1,2
Thread ID: 13, Time: 09:40:31:317 19/07/2023, sent GRANT message,32,5,1,2
Thread ID: 4, Time: 09:40:32:324 19/07/2023, sent GRANT message,32,5,1,2
Thread ID: 8, Time: 09:40:33:330 19/07/2023, sent GRANT message,32,5,1,2
Thread ID: 3, Time: 09:40:34:339 19/07/2023, sent GRANT message,32,5,1,2
Thread ID: 9, Time: 09:40:35:345 19/07/2023, sent GRANT message,32,5,1,2
Thread ID: 11, Time: 09:40:36:352 19/07/2023, sent GRANT message,32,5,1,2
Thread ID: 15, Time: 09:40:37:359 19/07/2023, sent GRANT message,32,5,1,2
Thread ID: 16, Time: 09:40:38:366 19/07/2023, sent GRANT message,32,5,1,2
Thread ID: 7, Time: 09:40:39:374 19/07/2023, sent GRANT message,32,5,1,2
Thread ID: 6, Time: 09:40:40:380 19/07/2023, sent GRANT message,32,5,1,2
Thread ID: 12, Time: 09:40:41:387 19/07/2023, sent GRANT message,32,5,1,2
Thread ID: 14, Time: 09:40:42:393 19/07/2023, sent GRANT message,32,5,1,2
Thread ID: 1, Time: 09:40:43:400 19/07/2023, sent GRANT message,32,5,1,2
Thread ID: 5, Time: 09:40:44:407 19/07/2023, sent GRANT message,32,5,1,2
Thread ID: 10, Time: 09:40:45:413 19/07/2023, sent GRANT message,32,5,1,2
Thread ID: 2, Time: 09:40:46:423 19/07/2023, sent GRANT message,32,5,1,2
Thread ID: 13, Time: 09:40:47:431 19/07/2023, sent GRANT message,32,5,1,2
Thread ID: 4, Time: 09:40:48:441 19/07/2023, sent GRANT message,32,5,1,2
Thread ID: 8, Time: 09:40:49:448 19/07/2023, sent GRANT message,32,5,1,2
Thread ID: 3, Time: 09:40:50:455 19/07/2023, sent GRANT message,32,5,1,2
Thread ID: 9, Time: 09:40:51:463 19/07/2023, sent GRANT message,32,5,1,2
Thread ID: 11, Time: 09:40:52:472 19/07/2023, sent GRANT message,32,5,1,2
Thread ID: 15, Time: 09:40:53:479 19/07/2023, sent GRANT message,32,5,1,2
Thread ID: 16, Time: 09:40:54:485 19/07/2023, sent GRANT message,32,5,1,2
Thread ID: 7, Time: 09:40:55:492 19/07/2023, sent GRANT message,32,5,1,2
Thread ID: 6, Time: 09:40:56:499 19/07/2023, sent GRANT message,32,5,1,2
Thread ID: 12, Time: 09:40:57:504 19/07/2023, sent GRANT message,32,5,1,2
Thread ID: 14, Time: 09:40:58:510 19/07/2023, sent GRANT message,32,5,1,2
Thread ID: 1, Time: 09:40:59:517 19/07/2023, sent GRANT message,32,5,1,2
Thread ID: 5, Time: 09:41:00:525 19/07/2023, sent GRANT message,32,5,1,2
Thread ID: 10, Time: 09:41:01:531 19/07/2023, sent GRANT message,32,5,1,2
Thread ID: 2, Time: 09:41:02:538 19/07/2023, sent GRANT message,32,5,1,2
Thread ID: 13, Time: 09:41:03:547 19/07/2023, sent GRANT message,32,5,1,2
Thread ID: 4, Time: 09:41:04:554 19/07/2023, sent GRANT message,32,5,1,2
Thread ID: 8, Time: 09:41:05:561 19/07/2023, sent GRANT message,32,5,1,2
Thread ID: 3, Time: 09:41:06:567 19/07/2023, sent GRANT message,32,5,1,2
Thread ID: 9, Time: 09:41:07:575 19/07/2023, sent GRANT message,32,5,1,2
Thread ID: 11, Time: 09:41:08:581 19/07/2023, sent GRANT message,32,5,1,2
Thread ID: 15, Time: 09:41:09:590 19/07/2023, sent GRANT message,32,5,1,2
Thread ID: 16, Time: 09:41:10:596 19/07/2023, sent GRANT message,32,5,1,2
Thread ID: 7, Time: 09:41:11:604 19/07/2023, sent GRANT message,32,5,1,2
Thread ID: 6, Time: 09:41:12:611 19/07/2023, sent GRANT message,32,5,1,2
Thread ID: 12, Time: 09:41:13:617 19/07/2023, sent GRANT message,32,5,1,2
Thread ID: 14, Time: 09:41:14:624 19/07/2023, sent GRANT message,32,5,1,2
Thread ID: 1, Time: 09:41:15:631 19/07/2023, sent GRANT message,32,5,1,2
Thread ID: 5, Time: 09:41:16:638 19/07/2023, sent GRANT message,32,5,1,2
Thread ID: 10, Time: 09:41:17:646 19/07/2023, sent GRANT message,32,5,1,2
Thread ID: 2, Time: 09:41:18:652 19/07/2023, sent GRANT message,32,5,1,2
Thread ID: 13, Time: 09:41:19:658 19/07/2023, sent GRANT message,32,5,1,2
Thread ID: 4, Time: 09:41:20:665 19/07/2023, sent GRANT message,32,5,1,2
Thread ID: 8, Time: 09:41:21:673 19/07/2023, sent GRANT message,32,5,1,2
Thread ID: 2, Time: 09:41:22:911 19/07/2023, sent GRANT message,32,5,1,2
Thread ID: 20, Time: 09:41:23:923 19/07/2023, sent GRANT message,32,5,1,2
Thread ID: 4, Time: 09:41:24:930 19/07/2023, sent GRANT message,32,5,1,2
Thread ID: 27, Time: 09:41:25:939 19/07/2023, sent GRANT message,32,5,1,2
Thread ID: 29, Time: 09:41:26:945 19/07/2023, sent GRANT message,32,5,1,2
Thread ID: 30, Time: 09:41:27:951 19/07/2023, sent GRANT message,32,5,1,2
Thread ID: 24, Time: 09:41:28:959 19/07/2023, sent GRANT message,32,5,1,2
Thread ID: 32, Time: 09:41:29:965 19/07/2023, sent GRANT message,32,5,1,2
Thread ID: 19, Time: 09:41:30:972 19/07/2023, sent GRANT message,32,5,1,2
Thread ID: 7, Time: 09:41:31:979 19/07/2023, sent GRANT message,32,5,1,2
Thread ID: 10, Time: 09:41:32:988 19/07/2023, sent GRANT message,32,5,1,2
Thread ID: 25, Time: 09:41:33:995 19/07/2023, sent GRANT message,32,5,1,2
Thread ID: 3, Time: 09:41:35:002 19/07/2023, sent GRANT message,32,5,1,2
Thread ID: 23, Time: 09:41:36:009 19/07/2023, sent GRANT message,32,5,1,2
Thread ID: 17, Time: 09:41:37:015 19/07/2023, sent GRANT message,32,5,1,2
Thread ID: 18, Time: 09:41:38:022 19/07/2023, sent GRANT message,32,5,1,2
Thread ID: 8, Time: 09:41:39:029 19/07/2023, sent GRANT message,32,5,1,2
Thread ID: 22, Time: 09:41:40:037 19/07/2023, sent GRANT message,32,5,1,2
Thread ID: 26, Time: 09:41:41:044 19/07/2023, sent GRANT message,32,5,1,2
Thread ID: 5, Time: 09:41:42:051 19/07/2023, sent GRANT message,32,5,1,2
Thread ID: 9, Time: 09:41:43:058 19/07/2023, sent GRANT message,32,5,1,2
Thread ID: 14, Time: 09:41:44:066 19/07/2023, sent GRANT message,32,5,1,2
Thread ID: 16, Time: 09:41:45:073 19/07/2023, sent GRANT message,32,5,1,2
Thread ID: 15, Time: 09:41:46:079 19/07/2023, sent GRANT message,32,5,1,2
Thread ID: 28, Time: 09:41:47:088 19/07/2023, sent GRANT message,32,5,1,2
Thread ID: 12, Time: 09:41:48:094 19/07/2023, sent GRANT message,32,5,1,2
Thread ID: 13, Time: 09:41:49:101 19/07/2023, sent GRANT message,32,5,1,2
Thread ID: 21, Time: 09:41:50:108 19/07/2023, sent GRANT message,32,5,1,2
Thread ID: 6, Time: 09:41:51:114 19/07/2023, sent GRANT message,32,5,1,2
Thread ID: 11, Time: 09:41:52:122 19/07/2023, sent GRANT message,32,5,1,2
Thread ID: 31, Time: 09:41:53:128 19/07/2023, sent GRANT message,32,5,1,2
Thread ID: 1, Time: 09:41:54:136 19/07/2023, sent GRANT message,32,5,1,2
Thread ID: 2, Time: 09:41:55:141 19/07/2023, sent GRANT message,32,5,1,2
Thread ID: 20, Time: 09:41:56:147 19/07/2023, sent GRANT message,32,5,1,2
Thread ID: 4, Time: 09:41:57:155 19/07/2023, sent GRANT message,32,5,1,2
Thread ID: 27, Time: 09:41:58:161 19/07/2023, sent GRANT message,32,5,1,2
Thread ID: 29, Time: 09:41:59:172 19/07/2023, sent GRANT message,32,5,1,2
Thread ID: 30, Time: 09:42:00:178 19/07/2023, sent GRANT message,32,5,1,2
Thread ID: 24, Time: 09:42:01:186 19/07/2023, sent GRANT message,32,5,1,2
Thread ID: 32, Time: 09:42:02:194 19/07/2023, sent GRANT message,32,5,1,2
Thread ID: 19, Time: 09:42:03:201 19/07/2023, sent GRANT message,32,5,1,2
Thread ID: 7, Time: 09:42:04:209 19/07/2023, sent GRANT message,32,5,1,2
Thread ID: 10, Time: 09:42:05:217 19/07/2023, sent GRANT message,32,5,1,2
Thread ID: 25, Time: 09:42:06:223 19/07/2023, sent GRANT message,32,5,1,2
Thread ID: 3, Time: 09:42:07:229 19/07/2023, sent GRANT message,32,5,1,2
Thread ID: 23, Time: 09:42:08:237 19/07/2023, sent GRANT message,32,5,1,2
Thread ID: 17, Time: 09:42:09:243 19/07/2023, sent GRANT message,32,5,1,2
Thread ID: 18, Time: 09:42:10:250 19/07/2023, sent GRANT message,32,5,1,2
Thread ID: 8, Time: 09:42:11:258 19/07/2023, sent GRANT message,32,5,1,2
Thread ID: 22, Time: 09:42:12:263 19/07/2023, sent GRANT message,32,5,1,2
Thread ID: 26, Time: 09:42:13:272 19/07/2023, sent GRANT message,32,5,1,2
Thread ID: 5, Time: 09:42:14:279 19/07/2023, sent GRANT message,32,5,1,2
Thread ID: 9, Time: 09:42:15:288 19/07/2023, sent GRANT message,32,5,1,2
Thread ID: 14, Time: 09:42:16:294 19/07/2023, sent GRANT message,32,5,1,2
Thread ID: 16, Time: 09:42:17:301 19/07/2023, sent GRANT message,32,5,1,2
Thread ID: 15, Time: 09:42:18:308 19/07/2023, sent GRANT message,32,5,1,2
Thread ID: 28, Time: 09:42:19:315 19/07/2023, sent GRANT message,32,5,1,2
Thread ID: 12, Time: 09:42:20:324 19/07/2023, sent GRANT message,32,5,1,2
Thread ID: 13, Time: 09:42:21:330 19/07/2023, sent GRANT message,32,5,1,2
Thread ID: 21, Time: 09:42:22:339 19/07/2023, sent GRANT message,32,5,1,2
Thread ID: 6, Time: 09:42:23:347 19/07/2023, sent GRANT message,32,5,1,2
Thread ID: 11, Time: 09:42:24:354 19/07/2023, sent GRANT message,32,5,1,2
Thread ID: 31, Time: 09:42:25:360 19/07/2023, sent GRANT message,32,5,1,2
Thread ID: 1, Time: 09:42:26:368 19/07/2023, sent GRANT message,32,5,1,2
Thread ID: 2, Time: 09:42:27:374 19/07/2023, sent GRANT message,32,5,1,2
Thread ID: 20, Time: 09:42:28:381 19/07/2023, sent GRANT message,32,5,1,2
Thread ID: 4, Time: 09:42:29:388 19/07/2023, sent GRANT message,32,5,1,2
Thread ID: 27, Time: 09:42:30:395 19/07/2023, sent GRANT message,32,5,1,2
Thread ID: 29, Time: 09:42:31:402 19/07/2023, sent GRANT message,32,5,1,2
Thread ID: 30, Time: 09:42:32:408 19/07/2023, sent GRANT message,32,5,1,2
Thread ID: 24, Time: 09:42:33:414 19/07/2023, sent GRANT message,32,5,1,2
Thread ID: 32, Time: 09:42:34:420 19/07/2023, sent GRANT message,32,5,1,2
Thread ID: 19, Time: 09:42:35:426 19/07/2023, sent GRANT message,32,5,1,2
Thread ID: 7, Time: 09:42:36:433 19/07/2023, sent GRANT message,32,5,1,2
Thread ID: 10, Time: 09:42:37:440 19/07/2023, sent GRANT message,32,5,1,2
Thread ID: 25, Time: 09:42:38:447 19/07/2023, sent GRANT message,32,5,1,2
Thread ID: 3, Time: 09:42:39:454 19/07/2023, sent GRANT message,32,5,1,2
Thread ID: 23, Time: 09:42:40:461 19/07/2023, sent GRANT message,32,5,1,2
Thread ID: 17, Time: 09:42:41:467 19/07/2023, sent GRANT message,32,5,1,2
Thread ID: 18, Time: 09:42:42:474 19/07/2023, sent GRANT message,32,5,1,2
Thread ID: 8, Time: 09:42:43:480 19/07/2023, sent GRANT message,32,5,1,2
Thread ID: 22, Time: 09:42:44:487 19/07/2023, sent GRANT message,32,5,1,2
Thread ID: 26, Time: 09:42:45:493 19/07/2023, sent GRANT message,32,5,1,2
Thread ID: 5, Time: 09:42:46:500 19/07/2023, sent GRANT message,32,5,1,2
Thread ID: 9, Time: 09:42:47:508 19/07/2023, sent GRANT message,32,5,1,2
Thread ID: 14, Time: 09:42:48:515 19/07/2023, sent GRANT message,32,5,1,2
Thread ID: 16, Time: 09:42:49:522 19/07/2023, sent GRANT message,32,5,1,2
Thread ID: 15, Time: 09:42:50:529 19/07/2023, sent GRANT message,32,5,1,2
Thread ID: 28, Time: 09:42:51:536 19/07/2023, sent GRANT message,32,5,1,2
Thread ID: 12, Time: 09:42:52:543 19/07/2023, sent GRANT message,32,5,1,2
Thread ID: 13, Time: 09:42:53:551 19/07/2023, sent GRANT message,32,5,1,2
Thread ID: 21, Time: 09:42:54:557 19/07/2023, sent GRANT message,32,5,1,2
Thread ID: 6, Time: 09:42:55:563 19/07/2023, sent GRANT message,32,5,1,2
Thread ID: 11, Time: 09:42:56:570 19/07/2023, sent GRANT message,32,5,1,2
Thread ID: 31, Time: 09:42:57:576 19/07/2023, sent GRANT message,32,5,1,2
Thread ID: 1, Time: 09:42:58:583 19/07/2023, sent GRANT message,32,5,1,2
Thread ID: 2, Time: 09:42:59:590 19/07/2023, sent GRANT message,32,5,1,2
Thread ID: 20, Time: 09:43:00:597 19/07/2023, sent GRANT message,32,5,1,2
Thread ID: 4, Time: 09:43:01:605 19/07/2023, sent GRANT message,32,5,1,2
Thread ID: 27, Time: 09:43:02:611 19/07/2023, sent GRANT message,32,5,1,2
Thread ID: 29, Time: 09:43:03:619 19/07/2023, sent GRANT message,32,5,1,2
Thread ID: 30, Time: 09:43:04:625 19/07/2023, sent GRANT message,32,5,1,2
Thread ID: 24, Time: 09:43:05:632 19/07/2023, sent GRANT message,32,5,1,2
Thread ID: 32, Time: 09:43:06:639 19/07/2023, sent GRANT message,32,5,1,2
Thread ID: 19, Time: 09:43:07:646 19/07/2023, sent GRANT message,32,5,1,2
Thread ID: 7, Time: 09:43:08:653 19/07/2023, sent GRANT message,32,5,1,2
Thread ID: 10, Time: 09:43:09:659 19/07/2023, sent GRANT message,32,5,1,2
Thread ID: 25, Time: 09:43:10:667 19/07/2023, sent GRANT message,32,5,1,2
Thread ID: 3, Time: 09:43:11:673 19/07/2023, sent GRANT message,32,5,1,2
Thread ID: 23, Time: 09:43:12:680 19/07/2023, sent GRANT message,32,5,1,2
Thread ID: 17, Time: 09:43:13:686 19/07/2023, sent GRANT message,32,5,1,2
Thread ID: 18, Time: 09:43:14:692 19/07/2023, sent GRANT message,32,5,1,2
Thread ID: 8, Time: 09:43:15:700 19/07/2023, sent GRANT message,32,5,1,2
Thread ID: 22, Time: 09:43:16:706 19/07/2023, sent GRANT message,32,5,1,2
Thread ID: 26, Time: 09:43:17:712 19/07/2023, sent GRANT message,32,5,1,2
Thread ID: 5, Time: 09:43:18:720 19/07/2023, sent GRANT message,32,5,1,2
Thread ID: 9, Time: 09:43:19:727 19/07/2023, sent GRANT message,32,5,1,2
Thread ID: 14, Time: 09:43:20:735 19/07/2023, sent GRANT message,32,5,1,2
Thread ID: 16, Time: 09:43:21:742 19/07/2023, sent GRANT message,32,5,1,2
Thread ID: 15, Time: 09:43:22:749 19/07/2023, sent GRANT message,32,5,1,2
Thread ID: 28, Time: 09:43:23:756 19/07/2023, sent GRANT message,32,5,1,2
Thread ID: 12, Time: 09:43:24:762 19/07/2023, sent GRANT message,32,5,1,2
Thread ID: 13, Time: 09:43:25:768 19/07/2023, sent GRANT message,32,5,1,2
Thread ID: 21, Time: 09:43:26:774 19/07/2023, sent GRANT message,32,5,1,2
Thread ID: 6, Time: 09:43:27:781 19/07/2023, sent GRANT message,32,5,1,2
Thread ID: 11, Time: 09:43:28:789 19/07/2023, sent GRANT message,32,5,1,2
Thread ID: 31, Time: 09:43:29:794 19/07/2023, sent GRANT message,32,5,1,2
Thread ID: 1, Time: 09:43:30:801 19/07/2023, sent GRANT message,32,5,1,2
Thread ID: 2, Time: 09:43:31:809 19/07/2023, sent GRANT message,32,5,1,2
Thread ID: 20, Time: 09:43:32:817 19/07/2023, sent GRANT message,32,5,1,2
Thread ID: 4, Time: 09:43:33:824 19/07/2023, sent GRANT message,32,5,1,2
Thread ID: 27, Time: 09:43:34:832 19/07/2023, sent GRANT message,32,5,1,2
Thread ID: 29, Time: 09:43:35:839 19/07/2023, sent GRANT message,32,5,1,2
Thread ID: 30, Time: 09:43:36:845 19/07/2023, sent GRANT message,32,5,1,2
Thread ID: 24, Time: 09:43:37:853 19/07/2023, sent GRANT message,32,5,1,2
Thread ID: 32, Time: 09:43:38:859 19/07/2023, sent GRANT message,32,5,1,2
Thread ID: 19, Time: 09:43:39:866 19/07/2023, sent GRANT message,32,5,1,2
Thread ID: 7, Time: 09:43:40:873 19/07/2023, sent GRANT message,32,5,1,2
Thread ID: 10, Time: 09:43:41:880 19/07/2023, sent GRANT message,32,5,1,2
Thread ID: 25, Time: 09:43:42:889 19/07/2023, sent GRANT message,32,5,1,2
Thread ID: 3, Time: 09:43:43:896 19/07/2023, sent GRANT message,32,5,1,2
Thread ID: 23, Time: 09:43:44:902 19/07/2023, sent GRANT message,32,5,1,2
Thread ID: 17, Time: 09:43:45:909 19/07/2023, sent GRANT message,32,5,1,2
Thread ID: 18, Time: 09:43:46:918 19/07/2023, sent GRANT message,32,5,1,2
Thread ID: 8, Time: 09:43:47:925 19/07/2023, sent GRANT message,32,5,1,2
Thread ID: 22, Time: 09:43:48:933 19/07/2023, sent GRANT message,32,5,1,2
Thread ID: 26, Time: 09:43:49:941 19/07/2023, sent GRANT message,32,5,1,2
Thread ID: 5, Time: 09:43:50:948 19/07/2023, sent GRANT message,32,5,1,2
Thread ID: 9, Time: 09:43:51:954 19/07/2023, sent GRANT message,32,5,1,2
Thread ID: 14, Time: 09:43:52:960 19/07/2023, sent GRANT message,32,5,1,2
Thread ID: 16, Time: 09:43:53:967 19/07/2023, sent GRANT message,32,5,1,2
Thread ID: 15, Time: 09:43:54:973 19/07/2023, sent GRANT message,32,5,1,2
Thread ID: 28, Time: 09:43:55:980 19/07/2023, sent GRANT message,32,5,1,2
Thread ID: 12, Time: 09:43:56:987 19/07/2023, sent GRANT message,32,5,1,2
Thread ID: 13, Time: 09:43:57:993 19/07/2023, sent GRANT message,32,5,1,2
Thread ID: 21, Time: 09:43:59:002 19/07/2023, sent GRANT message,32,5,1,2
Thread ID: 6, Time: 09:44:00:015 19/07/2023, sent GRANT message,32,5,1,2
Thread ID: 11, Time: 09:44:01:023 19/07/2023, sent GRANT message,32,5,1,2
Thread ID: 31, Time: 09:44:02:029 19/07/2023, sent GRANT message,32,5,1,2
Thread ID: 1, Time: 09:44:03:037 19/07/2023, sent GRANT message,32,5,1,2
Thread ID: 1, Time: 09:38:51:151 19/07/2023, sent GRANT message,64,5,1,2
Thread ID: 2, Time: 09:38:52:160 19/07/2023, sent GRANT message,64,5,1,2
Thread ID: 1, Time: 09:38:53:172 19/07/2023, sent GRANT message,64,5,1,2
Thread ID: 2, Time: 09:38:54:180 19/07/2023, sent GRANT message,64,5,1,2
Thread ID: 1, Time: 09:38:55:186 19/07/2023, sent GRANT message,64,5,1,2
Thread ID: 2, Time: 09:38:56:195 19/07/2023, sent GRANT message,64,5,1,2
Thread ID: 1, Time: 09:38:57:202 19/07/2023, sent GRANT message,64,5,1,2
Thread ID: 2, Time: 09:38:58:210 19/07/2023, sent GRANT message,64,5,1,2
Thread ID: 1, Time: 09:38:59:217 19/07/2023, sent GRANT message,64,5,1,2
Thread ID: 2, Time: 09:39:00:225 19/07/2023, sent GRANT message,64,5,1,2
Thread ID: 2, Time: 09:39:01:371 19/07/2023, sent GRANT message,64,5,1,2
Thread ID: 1, Time: 09:39:02:379 19/07/2023, sent GRANT message,64,5,1,2
Thread ID: 4, Time: 09:39:03:385 19/07/2023, sent GRANT message,64,5,1,2
Thread ID: 3, Time: 09:39:04:393 19/07/2023, sent GRANT message,64,5,1,2
Thread ID: 2, Time: 09:39:05:400 19/07/2023, sent GRANT message,64,5,1,2
Thread ID: 1, Time: 09:39:06:405 19/07/2023, sent GRANT message,64,5,1,2
Thread ID: 4, Time: 09:39:07:413 19/07/2023, sent GRANT message,64,5,1,2
Thread ID: 3, Time: 09:39:08:420 19/07/2023, sent GRANT message,64,5,1,2
Thread ID: 2, Time: 09:39:09:428 19/07/2023, sent GRANT message,64,5,1,2
Thread ID: 1, Time: 09:39:10:434 19/07/2023, sent GRANT message,64,5,1,2
Thread ID: 4, Time: 09:39:11:442 19/07/2023, sent GRANT message,64,5,1,2
Thread ID: 3, Time: 09:39:12:449 19/07/2023, sent GRANT message,64,5,1,2
Thread ID: 2, Time: 09:39:13:456 19/07/2023, sent GRANT message,64,5,1,2
Thread ID: 1, Time: 09:39:14:463 19/07/2023, sent GRANT message,64,5,1,2
Thread ID: 4, Time: 09:39:15:469 19/07/2023, sent GRANT message,64,5,1,2
Thread ID: 3, Time: 09:39:16:476 19/07/2023, sent GRANT message,64,5,1,2
Thread ID: 2, Time: 09:39:17:482 19/07/2023, sent GRANT message,64,5,1,2
Thread ID: 1, Time: 09:39:18:489 19/07/2023, sent GRANT message,64,5,1,2
Thread ID: 4, Time: 09:39:19:496 19/07/2023, sent GRANT message,64,5,1,2
Thread ID: 3, Time: 09:39:20:503 19/07/2023, sent GRANT message,64,5,1,2
Thread ID: 1, Time: 09:39:21:658 19/07/2023, sent GRANT message,64,5,1,2
Thread ID: 6, Time: 09:39:22:667 19/07/2023, sent GRANT message,64,5,1,2
Thread ID: 2, Time: 09:39:23:674 19/07/2023, sent GRANT message,64,5,1,2
Thread ID: 5, Time: 09:39:24:682 19/07/2023, sent GRANT message,64,5,1,2
Thread ID: 8, Time: 09:39:25:688 19/07/2023, sent GRANT message,64,5,1,2
Thread ID: 3, Time: 09:39:26:695 19/07/2023, sent GRANT message,64,5,1,2
Thread ID: 4, Time: 09:39:27:702 19/07/2023, sent GRANT message,64,5,1,2
Thread ID: 7, Time: 09:39:28:711 19/07/2023, sent GRANT message,64,5,1,2
Thread ID: 1, Time: 09:39:29:717 19/07/2023, sent GRANT message,64,5,1,2
Thread ID: 6, Time: 09:39:30:725 19/07/2023, sent GRANT message,64,5,1,2
Thread ID: 2, Time: 09:39:31:731 19/07/2023, sent GRANT message,64,5,1,2
Thread ID: 5, Time: 09:39:32:738 19/07/2023, sent GRANT message,64,5,1,2
Thread ID: 8, Time: 09:39:33:745 19/07/2023, sent GRANT message,64,5,1,2
Thread ID: 3, Time: 09:39:34:751 19/07/2023, sent GRANT message,64,5,1,2
Thread ID: 4, Time: 09:39:35:757 19/07/2023, sent GRANT message,64,5,1,2
Thread ID: 7, Time: 09:39:36:765 19/07/2023, sent GRANT message,64,5,1,2
Thread ID: 1, Time: 09:39:37:771 19/07/2023, sent GRANT message,64,5,1,2
Thread ID: 6, Time: 09:39:38:780 19/07/2023, sent GRANT message,64,5,1,2
Thread ID: 2, Time: 09:39:39:785 19/07/2023, sent GRANT message,64,5,1,2
Thread ID: 5, Time: 09:39:40:792 19/07/2023, sent GRANT message,64,5,1,2
Thread ID: 8, Time: 09:39:41:798 19/07/2023, sent GRANT message,64,5,1,2
Thread ID: 3, Time: 09:39:42:804 19/07/2023, sent GRANT message,64,5,1,2
Thread ID: 4, Time: 09:39:43:811 19/07/2023, sent GRANT message,64,5,1,2
Thread ID: 7, Time: 09:39:44:817 19/07/2023, sent GRANT message,64,5,1,2
Thread ID: 1, Time: 09:39:45:824 19/07/2023, sent GRANT message,64,5,1,2
Thread ID: 6, Time: 09:39:46:831 19/07/2023, sent GRANT message,64,5,1,2
Thread ID: 2, Time: 09:39:47:837 19/07/2023, sent GRANT message,64,5,1,2
Thread ID: 5, Time: 09:39:48:845 19/07/2023, sent GRANT message,64,5,1,2
Thread ID: 8, Time: 09:39:49:851 19/07/2023, sent GRANT message,64,5,1,2
Thread ID: 3, Time: 09:39:50:859 19/07/2023, sent GRANT message,64,5,1,2
Thread ID: 4, Time: 09:39:51:865 19/07/2023, sent GRANT message,64,5,1,2
Thread ID: 7, Time: 09:39:52:872 19/07/2023, sent GRANT message,64,5,1,2
Thread ID: 1, Time: 09:39:53:879 19/07/2023, sent GRANT message,64,5,1,2
Thread ID: 6, Time: 09:39:54:885 19/07/2023, sent GRANT message,64,5,1,2
Thread ID: 2, Time: 09:39:55:893 19/07/2023, sent GRANT message,64,5,1,2
Thread ID: 5, Time: 09:39:56:900 19/07/2023, sent GRANT message,64,5,1,2
Thread ID: 8, Time: 09:39:57:907 19/07/2023, sent GRANT message,64,5,1,2
Thread ID: 3, Time: 09:39:58:914 19/07/2023, sent GRANT message,64,5,1,2
Thread ID: 4, Time: 09:39:59:920 19/07/2023, sent GRANT message,64,5,1,2
Thread ID: 7, Time: 09:40:00:926 19/07/2023, sent GRANT message,64,5,1,2
Thread ID: 3, Time: 09:40:02:123 19/07/2023, sent GRANT message,64,5,1,2
Thread ID: 9, Time: 09:40:03:133 19/07/2023, sent GRANT message,64,5,1,2
Thread ID: 11, Time: 09:40:04:140 19/07/2023, sent GRANT message,64,5,1,2
Thread ID: 15, Time: 09:40:05:146 19/07/2023, sent GRANT message,64,5,1,2
Thread ID: 16, Time: 09:40:06:152 19/07/2023, sent GRANT message,64,5,1,2
Thread ID: 7, Time: 09:40:07:160 19/07/2023, sent GRANT message,64,5,1,2
Thread ID: 6, Time: 09:40:08:166 19/07/2023, sent GRANT message,64,5,1,2
Thread ID: 12, Time: 09:40:09:172 19/07/2023, sent GRANT message,64,5,1,2
Thread ID: 14, Time: 09:40:10:179 19/07/2023, sent GRANT message,64,5,1,2
Thread ID: 1, Time: 09:40:11:185 19/07/2023, sent GRANT message,64,5,1,2
Thread ID: 5, Time: 09:40:12:192 19/07/2023, sent GRANT message,64,5,1,2
Thread ID: 10, Time: 09:40:13:198 19/07/2023, sent GRANT message,64,5,1,2
Thread ID: 2, Time: 09:40:14:208 19/07/2023, sent GRANT message,64,5,1,2
Thread ID: 13, Time: 09:40:15:215 19/07/2023, sent GRANT message,64,5,1,2
Thread ID: 4, Time: 09:40:16:221 19/07/2023, sent GRANT message,64,5,1,2
Thread ID: 8, Time: 09:40:17:227 19/07/2023, sent GRANT message,64,5,1,2
Thread ID: 3, Time: 09:40:18:233 19/07/2023, sent GRANT message,64,5,1,2
Thread ID: 9, Time: 09:40:19:239 19/07/2023, sent GRANT message,64,5,1,2
Thread ID: 11, Time: 09:40:20:245 19/07/2023, sent GRANT message,64,5,1,2
Thread ID: 15, Time: 09:40:21:251 19/07/2023, sent GRANT message,64,5,1,2
Thread ID: 16, Time: 09:40:22:258 19/07/2023, sent GRANT message,64,5,1,2
Thread ID: 7, Time: 09:40:23:264 19/07/2023, sent GRANT message,64,5,1,2
Thread ID: 6, Time: 09:40:24:271 19/07/2023, sent GRANT message,64,5,1,2
Thread ID: 12, Time: 09:40:25:278 19/07/2023, sent GRANT message,64,5,1,2
Thread ID: 14, Time: 09:40:26:284 19/07/2023, sent GRANT message,64,5,1,2
Thread ID: 1, Time: 09:40:27:292 19/07/2023, sent GRANT message,64,5,1,2
Thread ID: 5, Time: 09:40:28:297 19/07/2023, sent GRANT message,64,5,1,2
Thread ID: 10, Time: 09:40:29:304 19/07/2023, sent GRANT message,64,5,1,2
Thread ID: 2, Time: 09:40:30:310 19/07/2023, sent GRANT message,64,5,1,2
Thread ID: 13, Time: 09:40:31:317 19/07/2023, sent GRANT message,64,5,1,2
Thread ID: 4, Time: 09:40:32:324 19/07/2023, sent GRANT message,64,5,1,2
Thread ID: 8, Time: 09:40:33:330 19/07/2023, sent GRANT message,64,5,1,2
Thread ID: 3, Time: 09:40:34:339 19/07/2023, sent GRANT message,64,5,1,2
Thread ID: 9, Time: 09:40:35:345 19/07/2023, sent GRANT message,64,5,1,2
Thread ID: 11, Time: 09:40:36:352 19/07/2023, sent GRANT message,64,5,1,2
Thread ID: 15, Time: 09:40:37:359 19/07/2023, sent GRANT message,64,5,1,2
Thread ID: 16, Time: 09:40:38:366 19/07/2023, sent GRANT message,64,5,1,2
Thread ID: 7, Time: 09:40:39:374 19/07/2023, sent GRANT message,64,5,1,2
Thread ID: 6, Time: 09:40:40:380 19/07/2023, sent GRANT message,64,5,1,2
Thread ID: 12, Time: 09:40:41:387 19/07/2023, sent GRANT message,64,5,1,2
Thread ID: 14, Time: 09:40:42:393 19/07/2023, sent GRANT message,64,5,1,2
Thread ID: 1, Time: 09:40:43:400 19/07/2023, sent GRANT message,64,5,1,2
Thread ID: 5, Time: 09:40:44:407 19/07/2023, sent GRANT message,64,5,1,2
Thread ID: 10, Time: 09:40:45:413 19/07/2023, sent GRANT message,64,5,1,2
Thread ID: 2, Time: 09:40:46:423 19/07/2023, sent GRANT message,64,5,1,2
Thread ID: 13, Time: 09:40:47:431 19/07/2023, sent GRANT message,64,5,1,2
Thread ID: 4, Time: 09:40:48:441 19/07/2023, sent GRANT message,64,5,1,2
Thread ID: 8, Time: 09:40:49:448 19/07/2023, sent GRANT message,64,5,1,2
Thread ID: 3, Time: 09:40:50:455 19/07/2023, sent GRANT message,64,5,1,2
Thread ID: 9, Time: 09:40:51:463 19/07/2023, sent GRANT message,64,5,1,2
Thread ID: 11, Time: 09:40:52:472 19/07/2023, sent GRANT message,64,5,1,2
Thread ID: 15, Time: 09:40:53:479 19/07/2023, sent GRANT message,64,5,1,2
Thread ID: 16, Time: 09:40:54:485 19/07/2023, sent GRANT message,64,5,1,2
Thread ID: 7, Time: 09:40:55:492 19/07/2023, sent GRANT message,64,5,1,2
Thread ID: 6, Time: 09:40:56:499 19/07/2023, sent GRANT message,64,5,1,2
Thread ID: 12, Time: 09:40:57:504 19/07/2023, sent GRANT message,64,5,1,2
Thread ID: 14, Time: 09:40:58:510 19/07/2023, sent GRANT message,64,5,1,2
Thread ID: 1, Time: 09:40:59:517 19/07/2023, sent GRANT message,64,5,1,2
Thread ID: 5, Time: 09:41:00:525 19/07/2023, sent GRANT message,64,5,1,2
Thread ID: 10, Time: 09:41:01:531 19/07/2023, sent GRANT message,64,5,1,2
Thread ID: 2, Time: 09:41:02:538 19/07/2023, sent GRANT message,64,5,1,2
Thread ID: 13, Time: 09:41:03:547 19/07/2023, sent GRANT message,64,5,1,2
Thread ID: 4, Time: 09:41:04:554 19/07/2023, sent GRANT message,64,5,1,2
Thread ID: 8, Time: 09:41:05:561 19/07/2023, sent GRANT message,64,5,1,2
Thread ID: 3, Time: 09:41:06:567 19/07/2023, sent GRANT message,64,5,1,2
Thread ID: 9, Time: 09:41:07:575 19/07/2023, sent GRANT message,64,5,1,2
Thread ID: 11, Time: 09:41:08:581 19/07/2023, sent GRANT message,64,5,1,2
Thread ID: 15, Time: 09:41:09:590 19/07/2023, sent GRANT message,64,5,1,2
Thread ID: 16, Time: 09:41:10:596 19/07/2023, sent GRANT message,64,5,1,2
Thread ID: 7, Time: 09:41:11:604 19/07/2023, sent GRANT message,64,5,1,2
Thread ID: 6, Time: 09:41:12:611 19/07/2023, sent GRANT message,64,5,1,2
Thread ID: 12, Time: 09:41:13:617 19/07/2023, sent GRANT message,64,5,1,2
Thread ID: 14, Time: 09:41:14:624 19/07/2023, sent GRANT message,64,5,1,2
Thread ID: 1, Time: 09:41:15:631 19/07/2023, sent GRANT message,64,5,1,2
Thread ID: 5, Time: 09:41:16:638 19/07/2023, sent GRANT message,64,5,1,2
Thread ID: 10, Time: 09:41:17:646 19/07/2023, sent GRANT message,64,5,1,2
Thread ID: 2, Time: 09:41:18:652 19/07/2023, sent GRANT message,64,5,1,2
Thread ID: 13, Time: 09:41:19:658 19/07/2023, sent GRANT message,64,5,1,2
Thread ID: 4, Time: 09:41:20:665 19/07/2023, sent GRANT message,64,5,1,2
Thread ID: 8, Time: 09:41:21:673 19/07/2023, sent GRANT message,64,5,1,2
Thread ID: 2, Time: 09:41:22:911 19/07/2023, sent GRANT message,64,5,1,2
Thread ID: 20, Time: 09:41:23:923 19/07/2023, sent GRANT message,64,5,1,2
Thread ID: 4, Time: 09:41:24:930 19/07/2023, sent GRANT message,64,5,1,2
Thread ID: 27, Time: 09:41:25:939 19/07/2023, sent GRANT message,64,5,1,2
Thread ID: 29, Time: 09:41:26:945 19/07/2023, sent GRANT message,64,5,1,2
Thread ID: 30, Time: 09:41:27:951 19/07/2023, sent GRANT message,64,5,1,2
Thread ID: 24, Time: 09:41:28:959 19/07/2023, sent GRANT message,64,5,1,2
Thread ID: 32, Time: 09:41:29:965 19/07/2023, sent GRANT message,64,5,1,2
Thread ID: 19, Time: 09:41:30:972 19/07/2023, sent GRANT message,64,5,1,2
Thread ID: 7, Time: 09:41:31:979 19/07/2023, sent GRANT message,64,5,1,2
Thread ID: 10, Time: 09:41:32:988 19/07/2023, sent GRANT message,64,5,1,2
Thread ID: 25, Time: 09:41:33:995 19/07/2023, sent GRANT message,64,5,1,2
Thread ID: 3, Time: 09:41:35:002 19/07/2023, sent GRANT message,64,5,1,2
Thread ID: 23, Time: 09:41:36:009 19/07/2023, sent GRANT message,64,5,1,2
Thread ID: 17, Time: 09:41:37:015 19/07/2023, sent GRANT message,64,5,1,2
Thread ID: 18, Time: 09:41:38:022 19/07/2023, sent GRANT message,64,5,1,2
Thread ID: 8, Time: 09:41:39:029 19/07/2023, sent GRANT message,64,5,1,2
Thread ID: 22, Time: 09:41:40:037 19/07/2023, sent GRANT message,64,5,1,2
Thread ID: 26, Time: 09:41:41:044 19/07/2023, sent GRANT message,64,5,1,2
Thread ID: 5, Time: 09:41:42:051 19/07/2023, sent GRANT message,64,5,1,2
Thread ID: 9, Time: 09:41:43:058 19/07/2023, sent GRANT message,64,5,1,2
Thread ID: 14, Time: 09:41:44:066 19/07/2023, sent GRANT message,64,5,1,2
Thread ID: 16, Time: 09:41:45:073 19/07/2023, sent GRANT message,64,5,1,2
Thread ID: 15, Time: 09:41:46:079 19/07/2023, sent GRANT message,64,5,1,2
Thread ID: 28, Time: 09:41:47:088 19/07/2023, sent GRANT message,64,5,1,2
Thread ID: 12, Time: 09:41:48:094 19/07/2023, sent GRANT message,64,5,1,2
Thread ID: 13, Time: 09:41:49:101 19/07/2023, sent GRANT message,64,5,1,2
Thread ID: 21, Time: 09:41:50:108 19/07/2023, sent GRANT message,64,5,1,2
Thread ID: 6, Time: 09:41:51:114 19/07/2023, sent GRANT message,64,5,1,2
Thread ID: 11, Time: 09:41:52:122 19/07/2023, sent GRANT message,64,5,1,2
Thread ID: 31, Time: 09:41:53:128 19/07/2023, sent GRANT message,64,5,1,2
Thread ID: 1, Time: 09:41:54:136 19/07/2023, sent GRANT message,64,5,1,2
Thread ID: 2, Time: 09:41:55:141 19/07/2023, sent GRANT message,64,5,1,2
Thread ID: 20, Time: 09:41:56:147 19/07/2023, sent GRANT message,64,5,1,2
Thread ID: 4, Time: 09:41:57:155 19/07/2023, sent GRANT message,64,5,1,2
Thread ID: 27, Time: 09:41:58:161 19/07/2023, sent GRANT message,64,5,1,2
Thread ID: 29, Time: 09:41:59:172 19/07/2023, sent GRANT message,64,5,1,2
Thread ID: 30, Time: 09:42:00:178 19/07/2023, sent GRANT message,64,5,1,2
Thread ID: 24, Time: 09:42:01:186 19/07/2023, sent GRANT message,64,5,1,2
Thread ID: 32, Time: 09:42:02:194 19/07/2023, sent GRANT message,64,5,1,2
Thread ID: 19, Time: 09:42:03:201 19/07/2023, sent GRANT message,64,5,1,2
Thread ID: 7, Time: 09:42:04:209 19/07/2023, sent GRANT message,64,5,1,2
Thread ID: 10, Time: 09:42:05:217 19/07/2023, sent GRANT message,64,5,1,2
Thread ID: 25, Time: 09:42:06:223 19/07/2023, sent GRANT message,64,5,1,2
Thread ID: 3, Time: 09:42:07:229 19/07/2023, sent GRANT message,64,5,1,2
Thread ID: 23, Time: 09:42:08:237 19/07/2023, sent GRANT message,64,5,1,2
Thread ID: 17, Time: 09:42:09:243 19/07/2023, sent GRANT message,64,5,1,2
Thread ID: 18, Time: 09:42:10:250 19/07/2023, sent GRANT message,64,5,1,2
Thread ID: 8, Time: 09:42:11:258 19/07/2023, sent GRANT message,64,5,1,2
Thread ID: 22, Time: 09:42:12:263 19/07/2023, sent GRANT message,64,5,1,2
Thread ID: 26, Time: 09:42:13:272 19/07/2023, sent GRANT message,64,5,1,2
Thread ID: 5, Time: 09:42:14:279 19/07/2023, sent GRANT message,64,5,1,2
Thread ID: 9, Time: 09:42:15:288 19/07/2023, sent GRANT message,64,5,1,2
Thread ID: 14, Time: 09:42:16:294 19/07/2023, sent GRANT message,64,5,1,2
Thread ID: 16, Time: 09:42:17:301 19/07/2023, sent GRANT message,64,5,1,2
Thread ID: 15, Time: 09:42:18:308 19/07/2023, sent GRANT message,64,5,1,2
Thread ID: 28, Time: 09:42:19:315 19/07/2023, sent GRANT message,64,5,1,2
Thread ID: 12, Time: 09:42:20:324 19/07/2023, sent GRANT message,64,5,1,2
Thread ID: 13, Time: 09:42:21:330 19/07/2023, sent GRANT message,64,5,1,2
Thread ID: 21, Time: 09:42:22:339 19/07/2023, sent GRANT message,64,5,1,2
Thread ID: 6, Time: 09:42:23:347 19/07/2023, sent GRANT message,64,5,1,2
Thread ID: 11, Time: 09:42:24:354 19/07/2023, sent GRANT message,64,5,1,2
Thread ID: 31, Time: 09:42:25:360 19/07/2023, sent GRANT message,64,5,1,2
Thread ID: 1, Time: 09:42:26:368 19/07/2023, sent GRANT message,64,5,1,2
Thread ID: 2, Time: 09:42:27:374 19/07/2023, sent GRANT message,64,5,1,2
Thread ID: 20, Time: 09:42:28:381 19/07/2023, sent GRANT message,64,5,1,2
Thread ID: 4, Time: 09:42:29:388 19/07/2023, sent GRANT message,64,5,1,2
Thread ID: 27, Time: 09:42:30:395 19/07/2023, sent GRANT message,64,5,1,2
Thread ID: 29, Time: 09:42:31:402 19/07/2023, sent GRANT message,64,5,1,2
Thread ID: 30, Time: 09:42:32:408 19/07/2023, sent GRANT message,64,5,1,2
Thread ID: 24, Time: 09:42:33:414 19/07/2023, sent GRANT message,64,5,1,2
Thread ID: 32, Time: 09:42:34:420 19/07/2023, sent GRANT message,64,5,1,2
Thread ID: 19, Time: 09:42:35:426 19/07/2023, sent GRANT message,64,5,1,2
Thread ID: 7, Time: 09:42:36:433 19/07/2023, sent GRANT message,64,5,1,2
Thread ID: 10, Time: 09:42:37:440 19/07/2023, sent GRANT message,64,5,1,2
Thread ID: 25, Time: 09:42:38:447 19/07/2023, sent GRANT message,64,5,1,2
Thread ID: 3, Time: 09:42:39:454 19/07/2023, sent GRANT message,64,5,1,2
Thread ID: 23, Time: 09:42:40:461 19/07/2023, sent GRANT message,64,5,1,2
Thread ID: 17, Time: 09:42:41:467 19/07/2023, sent GRANT message,64,5,1,2
Thread ID: 18, Time: 09:42:42:474 19/07/2023, sent GRANT message,64,5,1,2
Thread ID: 8, Time: 09:42:43:480 19/07/2023, sent GRANT message,64,5,1,2
Thread ID: 22, Time: 09:42:44:487 19/07/2023, sent GRANT message,64,5,1,2
Thread ID: 26, Time: 09:42:45:493 19/07/2023, sent GRANT message,64,5,1,2
Thread ID: 5, Time: 09:42:46:500 19/07/2023, sent GRANT message,64,5,1,2
Thread ID: 9, Time: 09:42:47:508 19/07/2023, sent GRANT message,64,5,1,2
Thread ID: 14, Time: 09:42:48:515 19/07/2023, sent GRANT message,64,5,1,2
Thread ID: 16, Time: 09:42:49:522 19/07/2023, sent GRANT message,64,5,1,2
Thread ID: 15, Time: 09:42:50:529 19/07/2023, sent GRANT message,64,5,1,2
Thread ID: 28, Time: 09:42:51:536 19/07/2023, sent GRANT message,64,5,1,2
Thread ID: 12, Time: 09:42:52:543 19/07/2023, sent GRANT message,64,5,1,2
Thread ID: 13, Time: 09:42:53:551 19/07/2023, sent GRANT message,64,5,1,2
Thread ID: 21, Time: 09:42:54:557 19/07/2023, sent GRANT message,64,5,1,2
Thread ID: 6, Time: 09:42:55:563 19/07/2023, sent GRANT message,64,5,1,2
Thread ID: 11, Time: 09:42:56:570 19/07/2023, sent GRANT message,64,5,1,2
Thread ID: 31, Time: 09:42:57:576 19/07/2023, sent GRANT message,64,5,1,2
Thread ID: 1, Time: 09:42:58:583 19/07/2023, sent GRANT message,64,5,1,2
Thread ID: 2, Time: 09:42:59:590 19/07/2023, sent GRANT message,64,5,1,2
Thread ID: 20, Time: 09:43:00:597 19/07/2023, sent GRANT message,64,5,1,2
Thread ID: 4, Time: 09:43:01:605 19/07/2023, sent GRANT message,64,5,1,2
Thread ID: 27, Time: 09:43:02:611 19/07/2023, sent GRANT message,64,5,1,2
Thread ID: 29, Time: 09:43:03:619 19/07/2023, sent GRANT message,64,5,1,2
Thread ID: 30, Time: 09:43:04:625 19/07/2023, sent GRANT message,64,5,1,2
Thread ID: 24, Time: 09:43:05:632 19/07/2023, sent GRANT message,64,5,1,2
Thread ID: 32, Time: 09:43:06:639 19/07/2023, sent GRANT message,64,5,1,2
Thread ID: 19, Time: 09:43:07:646 19/07/2023, sent GRANT message,64,5,1,2
Thread ID: 7, Time: 09:43:08:653 19/07/2023, sent GRANT message,64,5,1,2
Thread ID: 10, Time: 09:43:09:659 19/07/2023, sent GRANT message,64,5,1,2
Thread ID: 25, Time: 09:43:10:667 19/07/2023, sent GRANT message,64,5,1,2
Thread ID: 3, Time: 09:43:11:673 19/07/2023, sent GRANT message,64,5,1,2
Thread ID: 23, Time: 09:43:12:680 19/07/2023, sent GRANT message,64,5,1,2
Thread ID: 17, Time: 09:43:13:686 19/07/2023, sent GRANT message,64,5,1,2
Thread ID: 18, Time: 09:43:14:692 19/07/2023, sent GRANT message,64,5,1,2
Thread ID: 8, Time: 09:43:15:700 19/07/2023, sent GRANT message,64,5,1,2
Thread ID: 22, Time: 09:43:16:706 19/07/2023, sent GRANT message,64,5,1,2
Thread ID: 26, Time: 09:43:17:712 19/07/2023, sent GRANT message,64,5,1,2
Thread ID: 5, Time: 09:43:18:720 19/07/2023, sent GRANT message,64,5,1,2
Thread ID: 9, Time: 09:43:19:727 19/07/2023, sent GRANT message,64,5,1,2
Thread ID: 14, Time: 09:43:20:735 19/07/2023, sent GRANT message,64,5,1,2
Thread ID: 16, Time: 09:43:21:742 19/07/2023, sent GRANT message,64,5,1,2
Thread ID: 15, Time: 09:43:22:749 19/07/2023, sent GRANT message,64,5,1,2
Thread ID: 28, Time: 09:43:23:756 19/07/2023, sent GRANT message,64,5,1,2
Thread ID: 12, Time: 09:43:24:762 19/07/2023, sent GRANT message,64,5,1,2
Thread ID: 13, Time: 09:43:25:768 19/07/2023, sent GRANT message,64,5,1,2
Thread ID: 21, Time: 09:43:26:774 19/07/2023, sent GRANT message,64,5,1,2
Thread ID: 6, Time: 09:43:27:781 19/07/2023, sent GRANT message,64,5,1,2
Thread ID: 11, Time: 09:43:28:789 19/07/2023, sent GRANT message,64,5,1,2
Thread ID: 31, Time: 09:43:29:794 19/07/2023, sent GRANT message,64,5,1,2
Thread ID: 1, Time: 09:43:30:801 19/07/2023, sent GRANT message,64,5,1,2
Thread ID: 2, Time: 09:43:31:809 19/07/2023, sent GRANT message,64,5,1,2
Thread ID: 20, Time: 09:43:32:817 19/07/2023, sent GRANT message,64,5,1,2
Thread ID: 4, Time: 09:43:33:824 19/07/2023, sent GRANT message,64,5,1,2
Thread ID: 27, Time: 09:43:34:832 19/07/2023, sent GRANT message,64,5,1,2
Thread ID: 29, Time: 09:43:35:839 19/07/2023, sent GRANT message,64,5,1,2
Thread ID: 30, Time: 09:43:36:845 19/07/2023, sent GRANT message,64,5,1,2
Thread ID: 24, Time: 09:43:37:853 19/07/2023, sent GRANT message,64,5,1,2
Thread ID: 32, Time: 09:43:38:859 19/07/2023, sent GRANT message,64,5,1,2
Thread ID: 19, Time: 09:43:39:866 19/07/2023, sent GRANT message,64,5,1,2
Thread ID: 7, Time: 09:43:40:873 19/07/2023, sent GRANT message,64,5,1,2
Thread ID: 10, Time: 09:43:41:880 19/07/2023, sent GRANT message,64,5,1,2
Thread ID: 25, Time: 09:43:42:889 19/07/2023, sent GRANT message,64,5,1,2
Thread ID: 3, Time: 09:43:43:896 19/07/2023, sent GRANT message,64,5,1,2
Thread ID: 23, Time: 09:43:44:902 19/07/2023, sent GRANT message,64,5,1,2
Thread ID: 17, Time: 09:43:45:909 19/07/2023, sent GRANT message,64,5,1,2
Thread ID: 18, Time: 09:43:46:918 19/07/2023, sent GRANT message,64,5,1,2
Thread ID: 8, Time: 09:43:47:925 19/07/2023, sent GRANT message,64,5,1,2
Thread ID: 22, Time: 09:43:48:933 19/07/2023, sent GRANT message,64,5,1,2
Thread ID: 26, Time: 09:43:49:941 19/07/2023, sent GRANT message,64,5,1,2
Thread ID: 5, Time: 09:43:50:948 19/07/2023, sent GRANT message,64,5,1,2
Thread ID: 9, Time: 09:43:51:954 19/07/2023, sent GRANT message,64,5,1,2
Thread ID: 14, Time: 09:43:52:960 19/07/2023, sent GRANT message,64,5,1,2
Thread ID: 16, Time: 09:43:53:967 19/07/2023, sent GRANT message,64,5,1,2
Thread ID: 15, Time: 09:43:54:973 19/07/2023, sent GRANT message,64,5,1,2
Thread ID: 28, Time: 09:43:55:980 19/07/2023, sent GRANT message,64,5,1,2
Thread ID: 12, Time: 09:43:56:987 19/07/2023, sent GRANT message,64,5,1,2
Thread ID: 13, Time: 09:43:57:993 19/07/2023, sent GRANT message,64,5,1,2
Thread ID: 21, Time: 09:43:59:002 19/07/2023, sent GRANT message,64,5,1,2
Thread ID: 6, Time: 09:44:00:015 19/07/2023, sent GRANT message,64,5,1,2
Thread ID: 11, Time: 09:44:01:023 19/07/2023, sent GRANT message,64,5,1,2
Thread ID: 31, Time: 09:44:02:029 19/07/2023, sent GRANT message,64,5,1,2
Thread ID: 1, Time: 09:44:03:037 19/07/2023, sent GRANT message,64,5,1,2
Thread ID: 5, Time: 09:44:04:400 19/07/2023, sent GRANT message,64,5,1,2
Thread ID: 2, Time: 09:44:05:422 19/07/2023, sent GRANT message,64,5,1,2
Thread ID: 4, Time: 09:44:06:430 19/07/2023, sent GRANT message,64,5,1,2
Thread ID: 6, Time: 09:44:07:437 19/07/2023, sent GRANT message,64,5,1,2
Thread ID: 33, Time: 09:44:08:445 19/07/2023, sent GRANT message,64,5,1,2
Thread ID: 41, Time: 09:44:09:452 19/07/2023, sent GRANT message,64,5,1,2
Thread ID: 29, Time: 09:44:10:459 19/07/2023, sent GRANT message,64,5,1,2
Thread ID: 18, Time: 09:44:11:467 19/07/2023, sent GRANT message,64,5,1,2
Thread ID: 40, Time: 09:44:12:474 19/07/2023, sent GRANT message,64,5,1,2
Thread ID: 7, Time: 09:44:13:482 19/07/2023, sent GRANT message,64,5,1,2
Thread ID: 59, Time: 09:44:14:493 19/07/2023, sent GRANT message,64,5,1,2
Thread ID: 1, Time: 09:44:15:500 19/07/2023, sent GRANT message,64,5,1,2
Thread ID: 17, Time: 09:44:16:506 19/07/2023, sent GRANT message,64,5,1,2
Thread ID: 12, Time: 09:44:17:512 19/07/2023, sent GRANT message,64,5,1,2
Thread ID: 27, Time: 09:44:18:519 19/07/2023, sent GRANT message,64,5,1,2
Thread ID: 3, Time: 09:44:19:525 19/07/2023, sent GRANT message,64,5,1,2
Thread ID: 32, Time: 09:44:20:533 19/07/2023, sent GRANT message,64,5,1,2
Thread ID: 8, Time: 09:44:21:538 19/07/2023, sent GRANT message,64,5,1,2
Thread ID: 10, Time: 09:44:22:545 19/07/2023, sent GRANT message,64,5,1,2
Thread ID: 38, Time: 09:44:23:552 19/07/2023, sent GRANT message,64,5,1,2
Thread ID: 20, Time: 09:44:24:559 19/07/2023, sent GRANT message,64,5,1,2
Thread ID: 26, Time: 09:44:25:567 19/07/2023, sent GRANT message,64,5,1,2
Thread ID: 24, Time: 09:44:26:574 19/07/2023, sent GRANT message,64,5,1,2
Thread ID: 15, Time: 09:44:27:581 19/07/2023, sent GRANT message,64,5,1,2
Thread ID: 31, Time: 09:44:28:587 19/07/2023, sent GRANT message,64,5,1,2
Thread ID: 25, Time: 09:44:29:593 19/07/2023, sent GRANT message,64,5,1,2
Thread ID: 49, Time: 09:44:30:600 19/07/2023, sent GRANT message,64,5,1,2
Thread ID: 34, Time: 09:44:31:605 19/07/2023, sent GRANT message,64,5,1,2
Thread ID: 19, Time: 09:44:32:613 19/07/2023, sent GRANT message,64,5,1,2
Thread ID: 36, Time: 09:44:33:620 19/07/2023, sent GRANT message,64,5,1,2
Thread ID: 30, Time: 09:44:34:627 19/07/2023, sent GRANT message,64,5,1,2
Thread ID: 57, Time: 09:44:35:634 19/07/2023, sent GRANT message,64,5,1,2
Thread ID: 9, Time: 09:44:36:640 19/07/2023, sent GRANT message,64,5,1,2
Thread ID: 35, Time: 09:44:37:647 19/07/2023, sent GRANT message,64,5,1,2
Thread ID: 53, Time: 09:44:38:659 19/07/2023, sent GRANT message,64,5,1,2
Thread ID: 11, Time: 09:44:39:666 19/07/2023, sent GRANT message,64,5,1,2
Thread ID: 64, Time: 09:44:40:671 19/07/2023, sent GRANT message,64,5,1,2
Thread ID: 16, Time: 09:44:41:678 19/07/2023, sent GRANT message,64,5,1,2
Thread ID: 14, Time: 09:44:42:683 19/07/2023, sent GRANT message,64,5,1,2
Thread ID: 45, Time: 09:44:43:688 19/07/2023, sent GRANT message,64,5,1,2
Thread ID: 48, Time: 09:44:44:693 19/07/2023, sent GRANT message,64,5,1,2
Thread ID: 50, Time: 09:44:45:699 19/07/2023, sent GRANT message,64,5,1,2
Thread ID: 28, Time: 09:44:46:704 19/07/2023, sent GRANT message,64,5,1,2
Thread ID: 60, Time: 09:44:47:709 19/07/2023, sent GRANT message,64,5,1,2
Thread ID: 39, Time: 09:44:48:715 19/07/2023, sent GRANT message,64,5,1,2
Thread ID: 52, Time: 09:44:49:721 19/07/2023, sent GRANT message,64,5,1,2
Thread ID: 43, Time: 09:44:50:726 19/07/2023, sent GRANT message,64,5,1,2
Thread ID: 42, Time: 09:44:51:732 19/07/2023, sent GRANT message,64,5,1,2
Thread ID: 51, Time: 09:44:52:737 19/07/2023, sent GRANT message,64,5,1,2
Thread ID: 47, Time: 09:44:53:743 19/07/2023, sent GRANT message,64,5,1,2
Thread ID: 55, Time: 09:44:54:749 19/07/2023, sent GRANT message,64,5,1,2
Thread ID: 46, Time: 09:44:55:755 19/07/2023, sent GRANT message,64,5,1,2
Thread ID: 13, Time: 09:44:56:762 19/07/2023, sent GRANT message,64,5,1,2
Thread ID: 63, Time: 09:44:57:767 19/07/2023, sent GRANT message,64,5,1,2
Thread ID: 23, Time: 09:44:58:771 19/07/2023, sent GRANT message,64,5,1,2
Thread ID: 22, Time: 09:44:59:777 19/07/2023, sent GRANT message,64,5,1,2
Thread ID: 56, Time: 09:45:00:783 19/07/2023, sent GRANT message,64,5,1,2
Thread ID: 58, Time: 09:45:01:789 19/07/2023, sent GRANT message,64,5,1,2
Thread ID: 44, Time: 09:45:02:795 19/07/2023, sent GRANT message,64,5,1,2
Thread ID: 37, Time: 09:45:03:800 19/07/2023, sent GRANT message,64,5,1,2
Thread ID: 21, Time: 09:45:04:806 19/07/2023, sent GRANT message,64,5,1,2
Thread ID: 61, Time: 09:45:05:813 19/07/2023, sent GRANT message,64,5,1,2
Thread ID: 62, Time: 09:45:06:818 19/07/2023, sent GRANT message,64,5,1,2
Thread ID: 54, Time: 09:45:07:824 19/07/2023, sent GRANT message,64,5,1,2
Thread ID: 5, Time: 09:45:08:830 19/07/2023, sent GRANT message,64,5,1,2
Thread ID: 2, Time: 09:45:09:836 19/07/2023, sent GRANT message,64,5,1,2
Thread ID: 4, Time: 09:45:10:841 19/07/2023, sent GRANT message,64,5,1,2
Thread ID: 6, Time: 09:45:11:848 19/07/2023, sent GRANT message,64,5,1,2
Thread ID: 33, Time: 09:45:12:853 19/07/2023, sent GRANT message,64,5,1,2
Thread ID: 41, Time: 09:45:13:860 19/07/2023, sent GRANT message,64,5,1,2
Thread ID: 29, Time: 09:45:14:866 19/07/2023, sent GRANT message,64,5,1,2
Thread ID: 18, Time: 09:45:15:872 19/07/2023, sent GRANT message,64,5,1,2
Thread ID: 40, Time: 09:45:16:880 19/07/2023, sent GRANT message,64,5,1,2
Thread ID: 7, Time: 09:45:17:886 19/07/2023, sent GRANT message,64,5,1,2
Thread ID: 59, Time: 09:45:18:892 19/07/2023, sent GRANT message,64,5,1,2
Thread ID: 1, Time: 09:45:19:898 19/07/2023, sent GRANT message,64,5,1,2
Thread ID: 17, Time: 09:45:20:903 19/07/2023, sent GRANT message,64,5,1,2
Thread ID: 12, Time: 09:45:21:908 19/07/2023, sent GRANT message,64,5,1,2
Thread ID: 27, Time: 09:45:22:914 19/07/2023, sent GRANT message,64,5,1,2
Thread ID: 3, Time: 09:45:23:921 19/07/2023, sent GRANT message,64,5,1,2
Thread ID: 32, Time: 09:45:24:929 19/07/2023, sent GRANT message,64,5,1,2
Thread ID: 8, Time: 09:45:25:934 19/07/2023, sent GRANT message,64,5,1,2
Thread ID: 10, Time: 09:45:26:941 19/07/2023, sent GRANT message,64,5,1,2
Thread ID: 38, Time: 09:45:27:947 19/07/2023, sent GRANT message,64,5,1,2
Thread ID: 20, Time: 09:45:28:953 19/07/2023, sent GRANT message,64,5,1,2
Thread ID: 26, Time: 09:45:29:960 19/07/2023, sent GRANT message,64,5,1,2
Thread ID: 24, Time: 09:45:30:967 19/07/2023, sent GRANT message,64,5,1,2
Thread ID: 15, Time: 09:45:31:973 19/07/2023, sent GRANT message,64,5,1,2
Thread ID: 31, Time: 09:45:32:979 19/07/2023, sent GRANT message,64,5,1,2
Thread ID: 25, Time: 09:45:33:983 19/07/2023, sent GRANT message,64,5,1,2
Thread ID: 49, Time: 09:45:34:989 19/07/2023, sent GRANT message,64,5,1,2
Thread ID: 34, Time: 09:45:35:995 19/07/2023, sent GRANT message,64,5,1,2
Thread ID: 19, Time: 09:45:37:000 19/07/2023, sent GRANT message,64,5,1,2
Thread ID: 36, Time: 09:45:38:006 19/07/2023, sent GRANT message,64,5,1,2
Thread ID: 30, Time: 09:45:39:014 19/07/2023, sent GRANT message,64,5,1,2
Thread ID: 57, Time: 09:45:40:020 19/07/2023, sent GRANT message,64,5,1,2
Thread ID: 9, Time: 09:45:41:028 19/07/2023, sent GRANT message,64,5,1,2
Thread ID: 35, Time: 09:45:42:033 19/07/2023, sent GRANT message,64,5,1,2
Thread ID: 53, Time: 09:45:43:038 19/07/2023, sent GRANT message,64,5,1,2
Thread ID: 11, Time: 09:45:44:045 19/07/2023, sent GRANT message,64,5,1,2
Thread ID: 64, Time: 09:45:45:051 19/07/2023, sent GRANT message,64,5,1,2
Thread ID: 16, Time: 09:45:46:058 19/07/2023, sent GRANT message,64,5,1,2
Thread ID: 14, Time: 09:45:47:064 19/07/2023, sent GRANT message,64,5,1,2
Thread ID: 45, Time: 09:45:48:070 19/07/2023, sent GRANT message,64,5,1,2
Thread ID: 48, Time: 09:45:49:077 19/07/2023, sent GRANT message,64,5,1,2
Thread ID: 50, Time: 09:45:50:082 19/07/2023, sent GRANT message,64,5,1,2
Thread ID: 28, Time: 09:45:51:087 19/07/2023, sent GRANT message,64,5,1,2
Thread ID: 60, Time: 09:45:52:095 19/07/2023, sent GRANT message,64,5,1,2
Thread ID: 39, Time: 09:45:53:101 19/07/2023, sent GRANT message,64,5,1,2
Thread ID: 52, Time: 09:45:54:107 19/07/2023, sent GRANT message,64,5,1,2
Thread ID: 43, Time: 09:45:55:114 19/07/2023, sent GRANT message,64,5,1,2
Thread ID: 42, Time: 09:45:56:120 19/07/2023, sent GRANT message,64,5,1,2
Thread ID: 51, Time: 09:45:57:127 19/07/2023, sent GRANT message,64,5,1,2
Thread ID: 47, Time: 09:45:58:134 19/07/2023, sent GRANT message,64,5,1,2
Thread ID: 55, Time: 09:45:59:148 19/07/2023, sent GRANT message,64,5,1,2
Thread ID: 46, Time: 09:46:00:156 19/07/2023, sent GRANT message,64,5,1,2
Thread ID: 13, Time: 09:46:01:163 19/07/2023, sent GRANT message,64,5,1,2
Thread ID: 63, Time: 09:46:02:168 19/07/2023, sent GRANT message,64,5,1,2
Thread ID: 23, Time: 09:46:03:175 19/07/2023, sent GRANT message,64,5,1,2
Thread ID: 22, Time: 09:46:04:181 19/07/2023, sent GRANT message,64,5,1,2
Thread ID: 56, Time: 09:46:05:189 19/07/2023, sent GRANT message,64,5,1,2
Thread ID: 58, Time: 09:46:06:198 19/07/2023, sent GRANT message,64,5,1,2
Thread ID: 44, Time: 09:46:07:204 19/07/2023, sent GRANT message,64,5,1,2
Thread ID: 37, Time: 09:46:08:212 19/07/2023, sent GRANT message,64,5,1,2
Thread ID: 21, Time: 09:46:09:218 19/07/2023, sent GRANT message,64,5,1,2
Thread ID: 61, Time: 09:46:10:224 19/07/2023, sent GRANT message,64,5,1,2
Thread ID: 62, Time: 09:46:11:231 19/07/2023, sent GRANT message,64,5,1,2
Thread ID: 54, Time: 09:46:12:237 19/07/2023, sent GRANT message,64,5,1,2
Thread ID: 5, Time: 09:46:13:246 19/07/2023, sent GRANT message,64,5,1,2
Thread ID: 2, Time: 09:46:14:252 19/07/2023, sent GRANT message,64,5,1,2
Thread ID: 4, Time: 09:46:15:259 19/07/2023, sent GRANT message,64,5,1,2
Thread ID: 6, Time: 09:46:16:266 19/07/2023, sent GRANT message,64,5,1,2
Thread ID: 33, Time: 09:46:17:272 19/07/2023, sent GRANT message,64,5,1,2
Thread ID: 41, Time: 09:46:18:279 19/07/2023, sent GRANT message,64,5,1,2
Thread ID: 29, Time: 09:46:19:285 19/07/2023, sent GRANT message,64,5,1,2
Thread ID: 18, Time: 09:46:20:292 19/07/2023, sent GRANT message,64,5,1,2
Thread ID: 40, Time: 09:46:21:298 19/07/2023, sent GRANT message,64,5,1,2
Thread ID: 7, Time: 09:46:22:304 19/07/2023, sent GRANT message,64,5,1,2
Thread ID: 59, Time: 09:46:23:311 19/07/2023, sent GRANT message,64,5,1,2
Thread ID: 1, Time: 09:46:24:316 19/07/2023, sent GRANT message,64,5,1,2
Thread ID: 17, Time: 09:46:25:322 19/07/2023, sent GRANT message,64,5,1,2
Thread ID: 12, Time: 09:46:26:329 19/07/2023, sent GRANT message,64,5,1,2
Thread ID: 27, Time: 09:46:27:336 19/07/2023, sent GRANT message,64,5,1,2
Thread ID: 3, Time: 09:46:28:345 19/07/2023, sent GRANT message,64,5,1,2
Thread ID: 32, Time: 09:46:29:352 19/07/2023, sent GRANT message,64,5,1,2
Thread ID: 8, Time: 09:46:30:359 19/07/2023, sent GRANT message,64,5,1,2
Thread ID: 10, Time: 09:46:31:366 19/07/2023, sent GRANT message,64,5,1,2
Thread ID: 38, Time: 09:46:32:373 19/07/2023, sent GRANT message,64,5,1,2
Thread ID: 20, Time: 09:46:33:380 19/07/2023, sent GRANT message,64,5,1,2
Thread ID: 26, Time: 09:46:34:387 19/07/2023, sent GRANT message,64,5,1,2
Thread ID: 24, Time: 09:46:35:395 19/07/2023, sent GRANT message,64,5,1,2
Thread ID: 15, Time: 09:46:36:401 19/07/2023, sent GRANT message,64,5,1,2
Thread ID: 31, Time: 09:46:37:408 19/07/2023, sent GRANT message,64,5,1,2
Thread ID: 25, Time: 09:46:38:415 19/07/2023, sent GRANT message,64,5,1,2
Thread ID: 49, Time: 09:46:39:420 19/07/2023, sent GRANT message,64,5,1,2
Thread ID: 34, Time: 09:46:40:427 19/07/2023, sent GRANT message,64,5,1,2
Thread ID: 19, Time: 09:46:41:435 19/07/2023, sent GRANT message,64,5,1,2
Thread ID: 36, Time: 09:46:42:443 19/07/2023, sent GRANT message,64,5,1,2
Thread ID: 30, Time: 09:46:43:453 19/07/2023, sent GRANT message,64,5,1,2
Thread ID: 57, Time: 09:46:44:469 19/07/2023, sent GRANT message,64,5,1,2
Thread ID: 9, Time: 09:46:45:479 19/07/2023, sent GRANT message,64,5,1,2
Thread ID: 35, Time: 09:46:46:490 19/07/2023, sent GRANT message,64,5,1,2
Thread ID: 53, Time: 09:46:47:498 19/07/2023, sent GRANT message,64,5,1,2
Thread ID: 11, Time: 09:46:48:504 19/07/2023, sent GRANT message,64,5,1,2
Thread ID: 64, Time: 09:46:49:511 19/07/2023, sent GRANT message,64,5,1,2
Thread ID: 16, Time: 09:46:50:518 19/07/2023, sent GRANT message,64,5,1,2
Thread ID: 14, Time: 09:46:51:527 19/07/2023, sent GRANT message,64,5,1,2
Thread ID: 45, Time: 09:46:52:535 19/07/2023, sent GRANT message,64,5,1,2
Thread ID: 48, Time: 09:46:53:544 19/07/2023, sent GRANT message,64,5,1,2
Thread ID: 50, Time: 09:46:54:551 19/07/2023, sent GRANT message,64,5,1,2
Thread ID: 28, Time: 09:46:55:559 19/07/2023, sent GRANT message,64,5,1,2
Thread ID: 60, Time: 09:46:56:566 19/07/2023, sent GRANT message,64,5,1,2
Thread ID: 39, Time: 09:46:57:574 19/07/2023, sent GRANT message,64,5,1,2
Thread ID: 52, Time: 09:46:58:580 19/07/2023, sent GRANT message,64,5,1,2
Thread ID: 43, Time: 09:46:59:588 19/07/2023, sent GRANT message,64,5,1,2
Thread ID: 42, Time: 09:47:00:594 19/07/2023, sent GRANT message,64,5,1,2
Thread ID: 51, Time: 09:47:01:601 19/07/2023, sent GRANT message,64,5,1,2
Thread ID: 47, Time: 09:47:02:609 19/07/2023, sent GRANT message,64,5,1,2
Thread ID: 55, Time: 09:47:03:616 19/07/2023, sent GRANT message,64,5,1,2
Thread ID: 46, Time: 09:47:04:624 19/07/2023, sent GRANT message,64,5,1,2
Thread ID: 13, Time: 09:47:05:632 19/07/2023, sent GRANT message,64,5,1,2
Thread ID: 63, Time: 09:47:06:640 19/07/2023, sent GRANT message,64,5,1,2
Thread ID: 23, Time: 09:47:07:649 19/07/2023, sent GRANT message,64,5,1,2
Thread ID: 22, Time: 09:47:08:656 19/07/2023, sent GRANT message,64,5,1,2
Thread ID: 56, Time: 09:47:09:662 19/07/2023, sent GRANT message,64,5,1,2
Thread ID: 58, Time: 09:47:10:669 19/07/2023, sent GRANT message,64,5,1,2
Thread ID: 44, Time: 09:47:11:676 19/07/2023, sent GRANT message,64,5,1,2
Thread ID: 37, Time: 09:47:12:682 19/07/2023, sent GRANT message,64,5,1,2
Thread ID: 21, Time: 09:47:13:692 19/07/2023, sent GRANT message,64,5,1,2
Thread ID: 61, Time: 09:47:14:698 19/07/2023, sent GRANT message,64,5,1,2
Thread ID: 62, Time: 09:47:15:705 19/07/2023, sent GRANT message,64,5,1,2
Thread ID: 54, Time: 09:47:16:711 19/07/2023, sent GRANT message,64,5,1,2
Thread ID: 5, Time: 09:47:17:717 19/07/2023, sent GRANT message,64,5,1,2
Thread ID: 2, Time: 09:47:18:725 19/07/2023, sent GRANT message,64,5,1,2
Thread ID: 4, Time: 09:47:19:731 19/07/2023, sent GRANT message,64,5,1,2
Thread ID: 6, Time: 09:47:20:738 19/07/2023, sent GRANT message,64,5,1,2
Thread ID: 33, Time: 09:47:21:747 19/07/2023, sent GRANT message,64,5,1,2
Thread ID: 41, Time: 09:47:22:753 19/07/2023, sent GRANT message,64,5,1,2
Thread ID: 29, Time: 09:47:23:760 19/07/2023, sent GRANT message,64,5,1,2
Thread ID: 18, Time: 09:47:24:768 19/07/2023, sent GRANT message,64,5,1,2
Thread ID: 40, Time: 09:47:25:777 19/07/2023, sent GRANT message,64,5,1,2
Thread ID: 7, Time: 09:47:26:783 19/07/2023, sent GRANT message,64,5,1,2
Thread ID: 59, Time: 09:47:27:789 19/07/2023, sent GRANT message,64,5,1,2
Thread ID: 1, Time: 09:47:28:796 19/07/2023, sent GRANT message,64,5,1,2
Thread ID: 17, Time: 09:47:29:803 19/07/2023, sent GRANT message,64,5,1,2
Thread ID: 12, Time: 09:47:30:813 19/07/2023, sent GRANT message,64,5,1,2
Thread ID: 27, Time: 09:47:31:821 19/07/2023, sent GRANT message,64,5,1,2
Thread ID: 3, Time: 09:47:32:829 19/07/2023, sent GRANT message,64,5,1,2
Thread ID: 32, Time: 09:47:33:836 19/07/2023, sent GRANT message,64,5,1,2
Thread ID: 8, Time: 09:47:34:844 19/07/2023, sent GRANT message,64,5,1,2
Thread ID: 10, Time: 09:47:35:850 19/07/2023, sent GRANT message,64,5,1,2
Thread ID: 38, Time: 09:47:36:858 19/07/2023, sent GRANT message,64,5,1,2
Thread ID: 20, Time: 09:47:37:865 19/07/2023, sent GRANT message,64,5,1,2
Thread ID: 26, Time: 09:47:38:872 19/07/2023, sent GRANT message,64,5,1,2
Thread ID: 24, Time: 09:47:39:881 19/07/2023, sent GRANT message,64,5,1,2
Thread ID: 15, Time: 09:47:40:888 19/07/2023, sent GRANT message,64,5,1,2
Thread ID: 31, Time: 09:47:41:896 19/07/2023, sent GRANT message,64,5,1,2
Thread ID: 25, Time: 09:47:42:902 19/07/2023, sent GRANT message,64,5,1,2
Thread ID: 49, Time: 09:47:43:909 19/07/2023, sent GRANT message,64,5,1,2
Thread ID: 34, Time: 09:47:44:916 19/07/2023, sent GRANT message,64,5,1,2
Thread ID: 19, Time: 09:47:45:924 19/07/2023, sent GRANT message,64,5,1,2
Thread ID: 36, Time: 09:47:46:930 19/07/2023, sent GRANT message,64,5,1,2
Thread ID: 30, Time: 09:47:47:939 19/07/2023, sent GRANT message,64,5,1,2
Thread ID: 57, Time: 09:47:48:946 19/07/2023, sent GRANT message,64,5,1,2
Thread ID: 9, Time: 09:47:49:951 19/07/2023, sent GRANT message,64,5,1,2
Thread ID: 35, Time: 09:47:50:959 19/07/2023, sent GRANT message,64,5,1,2
Thread ID: 53, Time: 09:47:51:965 19/07/2023, sent GRANT message,64,5,1,2
Thread ID: 11, Time: 09:47:52:972 19/07/2023, sent GRANT message,64,5,1,2
Thread ID: 64, Time: 09:47:53:979 19/07/2023, sent GRANT message,64,5,1,2
Thread ID: 16, Time: 09:47:54:987 19/07/2023, sent GRANT message,64,5,1,2
Thread ID: 14, Time: 09:47:55:994 19/07/2023, sent GRANT message,64,5,1,2
Thread ID: 45, Time: 09:47:57:001 19/07/2023, sent GRANT message,64,5,1,2
Thread ID: 48, Time: 09:47:58:009 19/07/2023, sent GRANT message,64,5,1,2
Thread ID: 50, Time: 09:47:59:015 19/07/2023, sent GRANT message,64,5,1,2
Thread ID: 28, Time: 09:48:00:023 19/07/2023, sent GRANT message,64,5,1,2
Thread ID: 60, Time: 09:48:01:029 19/07/2023, sent GRANT message,64,5,1,2
Thread ID: 39, Time: 09:48:02:037 19/07/2023, sent GRANT message,64,5,1,2
Thread ID: 52, Time: 09:48:03:046 19/07/2023, sent GRANT message,64,5,1,2
Thread ID: 43, Time: 09:48:04:053 19/07/2023, sent GRANT message,64,5,1,2
Thread ID: 42, Time: 09:48:05:060 19/07/2023, sent GRANT message,64,5,1,2
Thread ID: 51, Time: 09:48:06:066 19/07/2023, sent GRANT message,64,5,1,2
Thread ID: 47, Time: 09:48:07:073 19/07/2023, sent GRANT message,64,5,1,2
Thread ID: 55, Time: 09:48:08:081 19/07/2023, sent GRANT message,64,5,1,2
Thread ID: 46, Time: 09:48:09:089 19/07/2023, sent GRANT message,64,5,1,2
Thread ID: 13, Time: 09:48:10:096 19/07/2023, sent GRANT message,64,5,1,2
Thread ID: 63, Time: 09:48:11:104 19/07/2023, sent GRANT message,64,5,1,2
Thread ID: 23, Time: 09:48:12:110 19/07/2023, sent GRANT message,64,5,1,2
Thread ID: 22, Time: 09:48:13:117 19/07/2023, sent GRANT message,64,5,1,2
Thread ID: 56, Time: 09:48:14:125 19/07/2023, sent GRANT message,64,5,1,2
Thread ID: 58, Time: 09:48:15:132 19/07/2023, sent GRANT message,64,5,1,2
Thread ID: 44, Time: 09:48:16:139 19/07/2023, sent GRANT message,64,5,1,2
Thread ID: 37, Time: 09:48:17:145 19/07/2023, sent GRANT message,64,5,1,2
Thread ID: 21, Time: 09:48:18:152 19/07/2023, sent GRANT message,64,5,1,2
Thread ID: 61, Time: 09:48:19:159 19/07/2023, sent GRANT message,64,5,1,2
Thread ID: 62, Time: 09:48:20:166 19/07/2023, sent GRANT message,64,5,1,2
Thread ID: 54, Time: 09:48:21:174 19/07/2023, sent GRANT message,64,5,1,2
Thread ID: 5, Time: 09:48:22:182 19/07/2023, sent GRANT message,64,5,1,2
Thread ID: 2, Time: 09:48:23:190 19/07/2023, sent GRANT message,64,5,1,2
Thread ID: 4, Time: 09:48:24:197 19/07/2023, sent GRANT message,64,5,1,2
Thread ID: 6, Time: 09:48:25:206 19/07/2023, sent GRANT message,64,5,1,2
Thread ID: 33, Time: 09:48:26:212 19/07/2023, sent GRANT message,64,5,1,2
Thread ID: 41, Time: 09:48:27:219 19/07/2023, sent GRANT message,64,5,1,2
Thread ID: 29, Time: 09:48:28:226 19/07/2023, sent GRANT message,64,5,1,2
Thread ID: 18, Time: 09:48:29:233 19/07/2023, sent GRANT message,64,5,1,2
Thread ID: 40, Time: 09:48:30:240 19/07/2023, sent GRANT message,64,5,1,2
Thread ID: 7, Time: 09:48:31:246 19/07/2023, sent GRANT message,64,5,1,2
Thread ID: 59, Time: 09:48:32:255 19/07/2023, sent GRANT message,64,5,1,2
Thread ID: 1, Time: 09:48:33:261 19/07/2023, sent GRANT message,64,5,1,2
Thread ID: 17, Time: 09:48:34:269 19/07/2023, sent GRANT message,64,5,1,2
Thread ID: 12, Time: 09:48:35:275 19/07/2023, sent GRANT message,64,5,1,2
Thread ID: 27, Time: 09:48:36:282 19/07/2023, sent GRANT message,64,5,1,2
Thread ID: 3, Time: 09:48:37:289 19/07/2023, sent GRANT message,64,5,1,2
Thread ID: 32, Time: 09:48:38:295 19/07/2023, sent GRANT message,64,5,1,2
Thread ID: 8, Time: 09:48:39:303 19/07/2023, sent GRANT message,64,5,1,2
Thread ID: 10, Time: 09:48:40:309 19/07/2023, sent GRANT message,64,5,1,2
Thread ID: 38, Time: 09:48:41:315 19/07/2023, sent GRANT message,64,5,1,2
Thread ID: 20, Time: 09:48:42:322 19/07/2023, sent GRANT message,64,5,1,2
Thread ID: 26, Time: 09:48:43:328 19/07/2023, sent GRANT message,64,5,1,2
Thread ID: 24, Time: 09:48:44:337 19/07/2023, sent GRANT message,64,5,1,2
Thread ID: 15, Time: 09:48:45:344 19/07/2023, sent GRANT message,64,5,1,2
Thread ID: 31, Time: 09:48:46:353 19/07/2023, sent GRANT message,64,5,1,2
Thread ID: 25, Time: 09:48:47:359 19/07/2023, sent GRANT message,64,5,1,2
Thread ID: 49, Time: 09:48:48:366 19/07/2023, sent GRANT message,64,5,1,2
Thread ID: 34, Time: 09:48:49:373 19/07/2023, sent GRANT message,64,5,1,2
Thread ID: 19, Time: 09:48:50:379 19/07/2023, sent GRANT message,64,5,1,2
Thread ID: 36, Time: 09:48:51:388 19/07/2023, sent GRANT message,64,5,1,2
Thread ID: 30, Time: 09:48:52:394 19/07/2023, sent GRANT message,64,5,1,2
Thread ID: 57, Time: 09:48:53:404 19/07/2023, sent GRANT message,64,5,1,2
Thread ID: 9, Time: 09:48:54:412 19/07/2023, sent GRANT message,64,5,1,2
Thread ID: 35, Time: 09:48:55:420 19/07/2023, sent GRANT message,64,5,1,2
Thread ID: 53, Time: 09:48:56:428 19/07/2023, sent GRANT message,64,5,1,2
Thread ID: 11, Time: 09:48:57:435 19/07/2023, sent GRANT message,64,5,1,2
Thread ID: 64, Time: 09:48:58:443 19/07/2023, sent GRANT message,64,5,1,2
Thread ID: 16, Time: 09:48:59:450 19/07/2023, sent GRANT message,64,5,1,2
Thread ID: 14, Time: 09:49:00:457 19/07/2023, sent GRANT message,64,5,1,2
Thread ID: 45, Time: 09:49:01:464 19/07/2023, sent GRANT message,64,5,1,2
Thread ID: 48, Time: 09:49:02:472 19/07/2023, sent GRANT message,64,5,1,2
Thread ID: 50, Time: 09:49:03:479 19/07/2023, sent GRANT message,64,5,1,2
Thread ID: 28, Time: 09:49:04:487 19/07/2023, sent GRANT message,64,5,1,2
Thread ID: 60, Time: 09:49:05:494 19/07/2023, sent GRANT message,64,5,1,2
Thread ID: 39, Time: 09:49:06:501 19/07/2023, sent GRANT message,64,5,1,2
Thread ID: 52, Time: 09:49:07:508 19/07/2023, sent GRANT message,64,5,1,2
Thread ID: 43, Time: 09:49:08:516 19/07/2023, sent GRANT message,64,5,1,2
Thread ID: 42, Time: 09:49:09:525 19/07/2023, sent GRANT message,64,5,1,2
Thread ID: 51, Time: 09:49:10:533 19/07/2023, sent GRANT message,64,5,1,2
Thread ID: 47, Time: 09:49:11:540 19/07/2023, sent GRANT message,64,5,1,2
Thread ID: 55, Time: 09:49:12:547 19/07/2023, sent GRANT message,64,5,1,2
Thread ID: 46, Time: 09:49:13:554 19/07/2023, sent GRANT message,64,5,1,2
Thread ID: 13, Time: 09:49:14:560 19/07/2023, sent GRANT message,64,5,1,2
Thread ID: 63, Time: 09:49:15:569 19/07/2023, sent GRANT message,64,5,1,2
Thread ID: 23, Time: 09:49:16:575 19/07/2023, sent GRANT message,64,5,1,2
Thread ID: 22, Time: 09:49:17:584 19/07/2023, sent GRANT message,64,5,1,2
Thread ID: 56, Time: 09:49:18:592 19/07/2023, sent GRANT message,64,5,1,2
Thread ID: 58, Time: 09:49:19:600 19/07/2023, sent GRANT message,64,5,1,2
Thread ID: 44, Time: 09:49:20:607 19/07/2023, sent GRANT message,64,5,1,2
Thread ID: 37, Time: 09:49:21:613 19/07/2023, sent GRANT message,64,5,1,2
Thread ID: 21, Time: 09:49:22:621 19/07/2023, sent GRANT message,64,5,1,2
Thread ID: 61, Time: 09:49:23:628 19/07/2023, sent GRANT message,64,5,1,2
Thread ID: 62, Time: 09:49:24:636 19/07/2023, sent GRANT message,64,5,1,2
Thread ID: 54, Time: 09:49:25:642 19/07/2023, sent GRANT message,64,5,1,2
